schema_version,season,gameweek,stable_player_id,player,team,position,price_tenths,fixture_count,opponent_display,opponent_short_names,opponent_official_names,opponent_team_uids,home_away_sequence,kickoff_times,expected_points,expected_points_given_appearance,points_std,points_p10,points_p50,points_p90,expected_minutes,p_appearance,p_start,prob_points_ge_5,prob_points_ge_10,status,news,cold_start_no_history,fallback_flag,lineage_note,model_variant,data_timestamp,team_model_run_id,minutes_model_run_id,xpoints_model_run_id,decision_run_id
phase9_frontend_v1,2026-27,6,player_code_101282,Crooks,team_hull_city,MID,44,1,EVE (H),EVE,Everton,team_everton,H,2026-10-11 13:00:00+00:00,1.6609745488020535,2.8814592581472023,2.147360517006867,0.0,1.0,4.0,44.708492983486195,0.5764352017491552,0.5363139534883721,0.0958,0.0076,a,,False,False,current_season_history_only,X2_TEAM_CONSTRAINED_SIM_M7,2026-10-09T18:35:51.573649Z,official_2026-27_37972806849_1_team_current,official_2026-27_37972806849_1_minutes_current,official_2026-27_37972806849_1_xpoints_current,official_2026-27_37972806849_1_decision_current
phase9_frontend_v1,2026-27,6,player_code_105666,Butland,team_hull_city,GKP,44,1,EVE (H),EVE,Everton,team_everton,H,2026-10-11 13:00:00+00:00,0.032619309219354874,3.769243784323243,0.4169748073924851,0.0,0.0,0.0,0.6559339369088463,0.00865407256357964,0.007080604824747029,0.0029,0.0001,i,Arm injury - Unknown return date,False,False,transferred_player,X2_TEAM_CONSTRAINED_SIM_M7,2026-10-09T18:35:51.573649Z,official_2026-27_37972806849_1_team_current,official_2026-27_37972806849_1_minutes_current,official_2026-27_37972806849_1_xpoints_current,official_2026-27_37972806849_1_decision_current
phase9_frontend_v1,2026-27,6,player_code_106611,Keane,team_everton,DEF,48,1,HUL (A),HUL,Hull City,team_hull_city,A,2026-10-11 13:00:00+00:00,1.245936489826996,3.1841777870987142,2.3290837340035675,0.0,0.0,6.0,27.94811655437806,0.3912898629200726,0.2482179628853409,0.1199,0.01,a,,False,False,returning_player,X2_TEAM_CONSTRAINED_SIM_M7,2026-10-09T18:35:51.573649Z,official_2026-27_37972806849_1_team_current,official_2026-27_37972806849_1_minutes_current,official_2026-27_37972806849_1_xpoints_current,official_2026-27_37972806849_1_decision_current
phase9_frontend_v1,2026-27,6,player_code_106760,Shaw,team_manchester_united,DEF,43,1,TOT (H),TOT,Spurs,team_tottenham_hotspur,H,2026-10-10 16:30:00+00:00,1.9529377538341457,3.0963410760720027,2.5964696782362005,0.0,1.0,6.0,51.68796718027839,0.6307243633222828,0.57542458814414,0.2143,0.0102,a,,False,False,returning_player,X2_TEAM_CONSTRAINED_SIM_M7,2026-10-09T18:35:51.573649Z,official_2026-27_37972806849_1_team_current,official_2026-27_37972806849_1_minutes_current,official_2026-27_37972806849_1_xpoints_current,official_2026-27_37972806849_1_decision_current
phase9_frontend_v1,2026-27,6,player_code_106921,Rulli,team_manchester_city,GKP,50,1,LIV (A),LIV,Liverpool,team_liverpool,A,2026-10-11 15:30:00+00:00,0.19969862040494757,3.181498187437341,0.974226236559045,0.0,0.0,0.0,5.183578581267098,0.06276873618645762,0.06276873618645772,0.0147,0.0005,a,,False,False,current_season_history_only,X2_TEAM_CONSTRAINED_SIM_M7,2026-10-09T18:35:51.573649Z,official_2026-27_37972806849_1_team_current,official_2026-27_37972806849_1_minutes_current,official_2026-27_37972806849_1_xpoints_current,official_2026-27_37972806849_1_decision_current
phase9_frontend_v1,2026-27,6,player_code_108413,Hughes,team_crystal_palace,MID,44,1,NFO (H),NFO,Nott'm Forest,team_nottingham_forest,H,2026-10-11 13:00:00+00:00,1.510298820845172,2.168612515123494,1.5265253322496812,0.0,1.0,3.0,44.5740407931633,0.6964355366911484,0.33176368626318076,0.0481,0.0007,a,,False,False,returning_player,X2_TEAM_CONSTRAINED_SIM_M7,2026-10-09T18:35:51.573649Z,official_2026-27_37972806849_1_team_current,official_2026-27_37972806849_1_minutes_current,official_2026-27_37972806849_1_xpoints_current,official_2026-27_37972806849_1_decision_current
phase9_frontend_v1,2026-27,6,player_code_108416,Egan,team_hull_city,DEF,41,1,EVE (H),EVE,Everton,team_everton,H,2026-10-11 13:00:00+00:00,1.5988696718893218,3.3508286033807986,2.3912997637268316,0.0,0.0,6.0,40.285205798081705,0.4771565069834225,0.4715551494582952,0.1896,0.0036,a,,False,False,transferred_player,X2_TEAM_CONSTRAINED_SIM_M7,2026-10-09T18:35:51.573649Z,official_2026-27_37972806849_1_team_current,official_2026-27_37972806849_1_minutes_current,official_2026-27_37972806849_1_xpoints_current,official_2026-27_37972806849_1_decision_current
phase9_frontend_v1,2026-27,6,player_code_108813,Walton,team_ipswich,GKP,44,1,FUL (H),FUL,Fulham,team_fulham,H,2026-10-10 14:00:00+00:00,0.6225973575970513,3.002574098331559,1.559751467381903,0.0,0.0,2.0,18.159523868265808,0.20735453554435512,0.2073545355443551,0.0414,0.0005,a,,False,False,returning_player,X2_TEAM_CONSTRAINED_SIM_M7,2026-10-09T18:35:51.573649Z,official_2026-27_37972806849_1_team_current,official_2026-27_37972806849_1_minutes_current,official_2026-27_37972806849_1_xpoints_current,official_2026-27_37972806849_1_decision_current
phase9_frontend_v1,2026-27,6,player_code_109646,Tosin,team_tottenham_hotspur,DEF,44,1,MUN (A),MUN,Man Utd,team_manchester_united,A,2026-10-10 16:30:00+00:00,0.8935493326109484,1.9721611426179655,1.7553171764669768,0.0,0.0,2.0,31.172721521452317,0.4530812991400881,0.2482179628853409,0.0744,0.002,a,,False,False,transferred_player,X2_TEAM_CONSTRAINED_SIM_M7,2026-10-09T18:35:51.573649Z,official_2026-27_37972806849_1_team_current,official_2026-27_37972806849_1_minutes_current,official_2026-27_37972806849_1_xpoints_current,official_2026-27_37972806849_1_decision_current
phase9_frontend_v1,2026-27,6,player_code_109745,Arrizabalaga,team_arsenal,GKP,49,1,LEE (H),LEE,Leeds,team_leeds,H,2026-10-10 11:30:00+00:00,1.4162507254849446,4.068496309755309,2.451760540917485,0.0,0.0,6.0,26.357108489467556,0.3481017598784849,0.25055608594566053,0.1461,0.0009,a,,False,False,returning_player,X2_TEAM_CONSTRAINED_SIM_M7,2026-10-09T18:35:51.573649Z,official_2026-27_37972806849_1_team_current,official_2026-27_37972806849_1_minutes_current,official_2026-27_37972806849_1_xpoints_current,official_2026-27_37972806849_1_decision_current
phase9_frontend_v1,2026-27,6,player_code_110690,Wilson,team_coventry_city,GKP,44,1,NEW (H),NEW,Newcastle,team_newcastle,H,2026-10-12 19:00:00+00:00,0.18256915875192165,2.9086002020112525,0.8967677012470956,0.0,0.0,0.0,5.183578581267098,0.06276873618645762,0.06276873618645772,0.0127,0.0002,a,,False,False,current_season_history_only,X2_TEAM_CONSTRAINED_SIM_M7,2026-10-09T18:35:51.573649Z,official_2026-27_37972806849_1_team_current,official_2026-27_37972806849_1_minutes_current,official_2026-27_37972806849_1_xpoints_current,official_2026-27_37972806849_1_decision_current
phase9_frontend_v1,2026-27,6,player_code_111234,Pickford,team_everton,GKP,55,1,HUL (A),HUL,Hull City,team_hull_city,A,2026-10-11 13:00:00+00:00,3.6393289649998657,3.70515812186863,2.474015098983836,1.0,3.0,7.0,83.56054118619215,0.982233104579201,0.924096458616468,0.3046,0.0097,a,,False,False,returning_player,X2_TEAM_CONSTRAINED_SIM_M7,2026-10-09T18:35:51.573649Z,official_2026-27_37972806849_1_team_current,official_2026-27_37972806849_1_minutes_current,official_2026-27_37972806849_1_xpoints_current,official_2026-27_37972806849_1_decision_current
phase9_frontend_v1,2026-27,6,player_code_111317,Brooks,team_bournemouth,MID,50,1,CHE (A),CHE,Chelsea,team_chelsea,A,2026-10-10 14:00:00+00:00,1.6076090324241292,2.5803481038107328,2.0282747126560547,0.0,1.0,4.0,35.61278607416335,0.6230202157801754,0.12157735085945401,0.095,0.0063,a,,False,False,returning_player,X2_TEAM_CONSTRAINED_SIM_M7,2026-10-09T18:35:51.573649Z,official_2026-27_37972806849_1_team_current,official_2026-27_37972806849_1_minutes_current,official_2026-27_37972806849_1_xpoints_current,official_2026-27_37972806849_1_decision_current
phase9_frontend_v1,2026-27,6,player_code_112520,Palmer,team_ipswich,GKP,40,1,FUL (H),FUL,Fulham,team_fulham,H,2026-10-10 14:00:00+00:00,1.1481927590120715,2.6365110877695983,1.8969139121214753,0.0,0.0,3.0,33.13445987297829,0.435497034068385,0.33543124459470086,0.0757,0.0009,a,,False,False,returning_player,X2_TEAM_CONSTRAINED_SIM_M7,2026-10-09T18:35:51.573649Z,official_2026-27_37972806849_1_team_current,official_2026-27_37972806849_1_minutes_current,official_2026-27_37972806849_1_xpoints_current,official_2026-27_37972806849_1_decision_current
phase9_frontend_v1,2026-27,6,player_code_114243,J.Murphy,team_newcastle,MID,59,1,COV (A),COV,Coventry City,team_coventry_city,A,2026-10-12 19:00:00+00:00,3.236389759841782,3.7216713184090984,2.789944356075942,0.0,2.0,7.0,57.22865473432237,0.8696065511839021,0.47884111897539605,0.2559,0.0369,a,,False,False,returning_player,X2_TEAM_CONSTRAINED_SIM_M7,2026-10-09T18:35:51.573649Z,official_2026-27_37972806849_1_team_current,official_2026-27_37972806849_1_minutes_current,official_2026-27_37972806849_1_xpoints_current,official_2026-27_37972806849_1_decision_current
phase9_frontend_v1,2026-27,6,player_code_114283,Grealish,team_everton,MID,65,1,HUL (A),HUL,Hull City,team_hull_city,A,2026-10-11 13:00:00+00:00,2.0562384825218145,3.10015925261325,2.307805830220558,0.0,2.0,5.0,43.18072432368482,0.6632686629851443,0.3113893591410275,0.1286,0.0104,a,,False,False,returning_player,X2_TEAM_CONSTRAINED_SIM_M7,2026-10-09T18:35:51.573649Z,official_2026-27_37972806849_1_team_current,official_2026-27_37972806849_1_minutes_current,official_2026-27_37972806849_1_xpoints_current,official_2026-27_37972806849_1_decision_current
phase9_frontend_v1,2026-27,6,player_code_115556,Davies,team_tottenham_hotspur,DEF,39,1,MUN (A),MUN,Man Utd,team_manchester_united,A,2026-10-10 16:30:00+00:00,0.7839760010038571,2.003568390842768,1.7010898594724502,0.0,0.0,2.0,26.59172861200576,0.3912898629200726,0.20349746599093094,0.0649,0.0024,a,,False,False,returning_player,X2_TEAM_CONSTRAINED_SIM_M7,2026-10-09T18:35:51.573649Z,official_2026-27_37972806849_1_team_current,official_2026-27_37972806849_1_minutes_current,official_2026-27_37972806849_1_xpoints_current,official_2026-27_37972806849_1_decision_current
phase9_frontend_v1,2026-27,6,player_code_116535,A.Becker,team_liverpool,GKP,55,1,MCI (H),MCI,Man City,team_manchester_city,H,2026-10-11 15:30:00+00:00,2.548219133444012,3.0367483956362586,2.2623682259968203,0.0,2.0,7.0,71.02775828085133,0.8391275145170891,0.7809908685543562,0.1686,0.0024,a,,False,False,returning_player,X2_TEAM_CONSTRAINED_SIM_M7,2026-10-09T18:35:51.573649Z,official_2026-27_37972806849_1_team_current,official_2026-27_37972806849_1_minutes_current,official_2026-27_37972806849_1_xpoints_current,official_2026-27_37972806849_1_decision_current
phase9_frontend_v1,2026-27,6,player_code_119090,Goretzka,team_aston_villa,MID,59,1,BRE (H),BRE,Brentford,team_brentford,H,2026-10-10 14:00:00+00:00,0.2219270084488537,3.185292728181887,1.0202077435503027,0.0,0.0,0.0,4.544473776911532,0.06967240608228997,0.03669331395348838,0.016,0.0016,i,Knee injury - Expected back 17 Oct,False,False,current_season_history_only,X2_TEAM_CONSTRAINED_SIM_M7,2026-10-09T18:35:51.573649Z,official_2026-27_37972806849_1_team_current,official_2026-27_37972806849_1_minutes_current,official_2026-27_37972806849_1_xpoints_current,official_2026-27_37972806849_1_decision_current
phase9_frontend_v1,2026-27,6,player_code_119471,Schär,team_newcastle,DEF,49,1,COV (A),COV,Coventry City,team_coventry_city,A,2026-10-12 19:00:00+00:00,2.181184032648953,3.263470744122634,2.7242188586822462,0.0,1.0,6.0,49.98024112125729,0.6683632867177279,0.4628763479785085,0.235,0.0135,a,,False,False,returning_player,X2_TEAM_CONSTRAINED_SIM_M7,2026-10-09T18:35:51.573649Z,official_2026-27_37972806849_1_team_current,official_2026-27_37972806849_1_minutes_current,official_2026-27_37972806849_1_xpoints_current,official_2026-27_37972806849_1_decision_current
phase9_frontend_v1,2026-27,6,player_code_121709,Benitez,team_crystal_palace,GKP,45,1,NFO (H),NFO,Nott'm Forest,team_nottingham_forest,H,2026-10-11 13:00:00+00:00,0.7193882891001138,3.6000832826392846,1.7507588040618274,0.0,0.0,3.0,17.500148506421503,0.19982545753017067,0.1998254575301707,0.0594,0.0008,a,,False,False,returning_player,X2_TEAM_CONSTRAINED_SIM_M7,2026-10-09T18:35:51.573649Z,official_2026-27_37972806849_1_team_current,official_2026-27_37972806849_1_minutes_current,official_2026-27_37972806849_1_xpoints_current,official_2026-27_37972806849_1_decision_current
phase9_frontend_v1,2026-27,6,player_code_122074,Bettinelli,team_manchester_city,GKP,45,1,LIV (A),LIV,Liverpool,team_liverpool,A,2026-10-11 15:30:00+00:00,0.014741645682568163,3.0897402183131266,0.2672256724193991,0.0,0.0,0.0,0.39401277661713546,0.004771160240331307,0.004771160240331331,0.0012,0.0001,a,,False,False,returning_player,X2_TEAM_CONSTRAINED_SIM_M7,2026-10-09T18:35:51.573649Z,official_2026-27_37972806849_1_team_current,official_2026-27_37972806849_1_minutes_current,official_2026-27_37972806849_1_xpoints_current,official_2026-27_37972806849_1_decision_current
phase9_frontend_v1,2026-27,6,player_code_122798,Robertson,team_tottenham_hotspur,DEF,44,1,MUN (A),MUN,Man Utd,team_manchester_united,A,2026-10-10 16:30:00+00:00,1.839818895769863,2.242214921166349,2.242860816011551,0.0,1.0,6.0,60.54404294997988,0.8205363716038563,0.5843686875230221,0.147,0.0074,a,,False,False,transferred_player,X2_TEAM_CONSTRAINED_SIM_M7,2026-10-09T18:35:51.573649Z,official_2026-27_37972806849_1_team_current,official_2026-27_37972806849_1_minutes_current,official_2026-27_37972806849_1_xpoints_current,official_2026-27_37972806849_1_decision_current
phase9_frontend_v1,2026-27,6,player_code_122806,McGinn,team_aston_villa,MID,54,1,BRE (H),BRE,Brentford,team_brentford,H,2026-10-10 14:00:00+00:00,2.8249178498195904,3.120135909205652,2.307591798824047,0.0,2.0,6.0,68.94478940724238,0.90538294869943,0.7951177235302616,0.1986,0.0172,a,,False,False,returning_player,X2_TEAM_CONSTRAINED_SIM_M7,2026-10-09T18:35:51.573649Z,official_2026-27_37972806849_1_team_current,official_2026-27_37972806849_1_minutes_current,official_2026-27_37972806849_1_xpoints_current,official_2026-27_37972806849_1_decision_current
phase9_frontend_v1,2026-27,6,player_code_128295,Nørgaard,team_everton,MID,48,1,HUL (A),HUL,Hull City,team_hull_city,A,2026-10-11 13:00:00+00:00,0.7091119745729049,2.578588998446927,1.5218474792172834,0.0,0.0,3.0,18.93842456609142,0.275,0.1674054600606673,0.0363,0.002,d,Groin injury - 50% chance of playing,False,False,transferred_player,X2_TEAM_CONSTRAINED_SIM_M7,2026-10-09T18:35:51.573649Z,official_2026-27_37972806849_1_team_current,official_2026-27_37972806849_1_minutes_current,official_2026-27_37972806849_1_xpoints_current,official_2026-27_37972806849_1_decision_current
phase9_frontend_v1,2026-27,6,player_code_135720,Danso,team_sunderland,DEF,50,1,BHA (H),BHA,Brighton,team_brighton,H,2026-10-10 14:00:00+00:00,1.536019359076881,2.306360589867973,2.0714498280190132,0.0,1.0,6.0,51.959940479785885,0.665992718495424,0.5672506889268834,0.1423,0.0015,a,,False,False,transferred_player,X2_TEAM_CONSTRAINED_SIM_M7,2026-10-09T18:35:51.573649Z,official_2026-27_37972806849_1_team_current,official_2026-27_37972806849_1_minutes_current,official_2026-27_37972806849_1_xpoints_current,official_2026-27_37972806849_1_decision_current
phase9_frontend_v1,2026-27,6,player_code_138001,King,team_everton,GKP,45,1,HUL (A),HUL,Hull City,team_hull_city,A,2026-10-11 13:00:00+00:00,0.0378689296770399,2.826987201225285,0.4472802141834579,0.0,0.0,0.0,0.8306172102810134,0.013395508002521761,0.00601243770123054,0.0038,0.0,a,,False,False,returning_player,X2_TEAM_CONSTRAINED_SIM_M7,2026-10-09T18:35:51.573649Z,official_2026-27_37972806849_1_team_current,official_2026-27_37972806849_1_minutes_current,official_2026-27_37972806849_1_xpoints_current,official_2026-27_37972806849_1_decision_current
phase9_frontend_v1,2026-27,6,player_code_141746,B.Fernandes,team_manchester_united,MID,119,1,TOT (H),TOT,Spurs,team_tottenham_hotspur,H,2026-10-10 16:30:00+00:00,4.91995820921381,5.178339508219239,3.4347619291589924,2.0,4.0,9.0,75.8673134925522,0.95010344559384,0.8890307670085223,0.4263,0.0936,a,,False,False,returning_player,X2_TEAM_CONSTRAINED_SIM_M7,2026-10-09T18:35:51.573649Z,official_2026-27_37972806849_1_team_current,official_2026-27_37972806849_1_minutes_current,official_2026-27_37972806849_1_xpoints_current,official_2026-27_37972806849_1_decision_current
phase9_frontend_v1,2026-27,6,player_code_146426,Ajayi,team_hull_city,DEF,42,1,EVE (H),EVE,Everton,team_everton,H,2026-10-11 13:00:00+00:00,3.3156446853870607,3.811832507964341,2.9981084636817257,0.0,2.0,7.0,71.0968216747957,0.8698295841854125,0.8474846625766873,0.3719,0.0297,a,,False,False,current_season_history_only,X2_TEAM_CONSTRAINED_SIM_M7,2026-10-09T18:35:51.573649Z,official_2026-27_37972806849_1_team_current,official_2026-27_37972806849_1_minutes_current,official_2026-27_37972806849_1_xpoints_current,official_2026-27_37972806849_1_decision_current
phase9_frontend_v1,2026-27,6,player_code_147675,Akpom,team_ipswich,FWD,50,1,FUL (H),FUL,Fulham,team_fulham,H,2026-10-10 14:00:00+00:00,1.621417012273414,3.1037476661379344,2.2251966205259257,0.0,1.0,5.0,28.834736008142553,0.5224061962134251,0.08474214317587811,0.1262,0.0119,a,,False,False,current_season_history_only,X2_TEAM_CONSTRAINED_SIM_M7,2026-10-09T18:35:51.573649Z,official_2026-27_37972806849_1_team_current,official_2026-27_37972806849_1_minutes_current,official_2026-27_37972806849_1_xpoints_current,official_2026-27_37972806849_1_decision_current
phase9_frontend_v1,2026-27,6,player_code_149484,Mings,team_aston_villa,DEF,45,1,BRE (H),BRE,Brentford,team_brentford,H,2026-10-10 14:00:00+00:00,1.6187628380932964,2.842538037355573,2.2722401633630196,0.0,1.0,6.0,42.17732344104363,0.5694779865106886,0.3818792465292331,0.1437,0.006,a,,False,False,returning_player,X2_TEAM_CONSTRAINED_SIM_M7,2026-10-09T18:35:51.573649Z,official_2026-27_37972806849_1_team_current,official_2026-27_37972806849_1_minutes_current,official_2026-27_37972806849_1_xpoints_current,official_2026-27_37972806849_1_decision_current
phase9_frontend_v1,2026-27,6,player_code_152551,Lerma,team_crystal_palace,MID,48,1,NFO (H),NFO,Nott'm Forest,team_nottingham_forest,H,2026-10-11 13:00:00+00:00,1.676209874349875,2.289241401351897,1.6481789192924414,0.0,2.0,3.0,49.88320277866769,0.7322119342066764,0.42567672974144155,0.055,0.0014,a,,False,False,returning_player,X2_TEAM_CONSTRAINED_SIM_M7,2026-10-09T18:35:51.573649Z,official_2026-27_37972806849_1_team_current,official_2026-27_37972806849_1_minutes_current,official_2026-27_37972806849_1_xpoints_current,official_2026-27_37972806849_1_decision_current
phase9_frontend_v1,2026-27,6,player_code_153133,Iwobi,team_fulham,MID,54,1,IPS (A),IPS,Ipswich Town,team_ipswich,A,2026-10-10 14:00:00+00:00,3.4392330703821137,3.725052038996559,2.572615758328476,1.0,3.0,7.0,72.4939633812217,0.9232711474571941,0.8219500216669073,0.2466,0.0289,a,,False,False,returning_player,X2_TEAM_CONSTRAINED_SIM_M7,2026-10-09T18:35:51.573649Z,official_2026-27_37972806849_1_team_current,official_2026-27_37972806849_1_minutes_current,official_2026-27_37972806849_1_xpoints_current,official_2026-27_37972806849_1_decision_current
phase9_frontend_v1,2026-27,6,player_code_153366,Reed,team_fulham,MID,44,1,IPS (A),IPS,Ipswich Town,team_ipswich,A,2026-10-10 14:00:00+00:00,1.2658967117760047,2.6614777806939305,1.926505644943715,0.0,0.0,3.0,29.0845073771291,0.47563677628972945,0.17076989744330495,0.07,0.0055,a,,False,False,returning_player,X2_TEAM_CONSTRAINED_SIM_M7,2026-10-09T18:35:51.573649Z,official_2026-27_37972806849_1_team_current,official_2026-27_37972806849_1_minutes_current,official_2026-27_37972806849_1_xpoints_current,official_2026-27_37972806849_1_decision_current
phase9_frontend_v1,2026-27,6,player_code_153682,Wilson,team_leeds,MID,62,1,ARS (A),ARS,Arsenal,team_arsenal,A,2026-10-10 11:30:00+00:00,1.1891722770530138,2.8828418837648813,1.9055468926268908,0.0,0.0,3.0,25.602305527491918,0.4125000000000001,0.16366123645818287,0.0663,0.0049,d,Thigh injury - 75% chance of playing,False,False,transferred_player,X2_TEAM_CONSTRAINED_SIM_M7,2026-10-09T18:35:51.573649Z,official_2026-27_37972806849_1_team_current,official_2026-27_37972806849_1_minutes_current,official_2026-27_37972806849_1_xpoints_current,official_2026-27_37972806849_1_decision_current
phase9_frontend_v1,2026-27,6,player_code_154043,Maitland-Niles,team_everton,DEF,45,1,HUL (A),HUL,Hull City,team_hull_city,A,2026-10-11 13:00:00+00:00,1.7396133074751359,2.730436946978029,2.3638574216733126,0.0,1.0,6.0,43.50603403577533,0.637119018404908,0.3382020449897751,0.1771,0.0058,a,,False,False,position_change,X2_TEAM_CONSTRAINED_SIM_M7,2026-10-09T18:35:51.573649Z,official_2026-27_37972806849_1_team_current,official_2026-27_37972806849_1_minutes_current,official_2026-27_37972806849_1_xpoints_current,official_2026-27_37972806849_1_decision_current
phase9_frontend_v1,2026-27,6,player_code_154561,Raya,team_arsenal,GKP,61,1,LEE (H),LEE,Leeds,team_leeds,H,2026-10-10 11:30:00+00:00,4.080241330280535,4.270711624656626,2.538295473344268,1.0,3.0,7.0,81.02136311715832,0.955400806442555,0.8927921107903811,0.4368,0.0056,a,,False,False,returning_player,X2_TEAM_CONSTRAINED_SIM_M7,2026-10-09T18:35:51.573649Z,official_2026-27_37972806849_1_team_current,official_2026-27_37972806849_1_minutes_current,official_2026-27_37972806849_1_xpoints_current,official_2026-27_37972806849_1_decision_current
phase9_frontend_v1,2026-27,6,player_code_154566,Solanke,team_tottenham_hotspur,FWD,58,1,MUN (A),MUN,Man Utd,team_manchester_united,A,2026-10-10 16:30:00+00:00,2.6590002108941007,3.259257446871107,2.2782008669123095,0.0,2.0,6.0,59.46638382332051,0.8158300638222812,0.5721607651546736,0.195,0.0165,a,,False,False,returning_player,X2_TEAM_CONSTRAINED_SIM_M7,2026-10-09T18:35:51.573649Z,official_2026-27_37972806849_1_team_current,official_2026-27_37972806849_1_minutes_current,official_2026-27_37972806849_1_xpoints_current,official_2026-27_37972806849_1_decision_current
phase9_frontend_v1,2026-27,6,player_code_155408,Cook,team_bournemouth,MID,50,1,CHE (A),CHE,Chelsea,team_chelsea,A,2026-10-10 14:00:00+00:00,1.7914631424869174,2.1717704320143674,1.5484537803886818,0.0,2.0,3.0,55.01609154180943,0.8248860542894921,0.4358680340892677,0.0702,0.001,a,,False,False,returning_player,X2_TEAM_CONSTRAINED_SIM_M7,2026-10-09T18:35:51.573649Z,official_2026-27_37972806849_1_team_current,official_2026-27_37972806849_1_minutes_current,official_2026-27_37972806849_1_xpoints_current,official_2026-27_37972806849_1_decision_current
phase9_frontend_v1,2026-27,6,player_code_155465,Zetterer,team_leeds,GKP,40,1,ARS (A),ARS,Arsenal,team_arsenal,A,2026-10-10 11:30:00+00:00,0.21518532515730582,2.6663969067987527,0.9350011550795004,0.0,0.0,0.0,6.664601033057698,0.08070266081115995,0.08070266081115993,0.0128,0.0001,a,,False,False,current_season_history_only,X2_TEAM_CONSTRAINED_SIM_M7,2026-10-09T18:35:51.573649Z,official_2026-27_37972806849_1_team_current,official_2026-27_37972806849_1_minutes_current,official_2026-27_37972806849_1_xpoints_current,official_2026-27_37972806849_1_decision_current
phase9_frontend_v1,2026-27,6,player_code_155503,Woodman,team_liverpool,GKP,40,1,MCI (H),MCI,Man City,team_manchester_city,H,2026-10-11 15:30:00+00:00,0.19548763549118053,2.6278823054993548,0.8602367057967242,0.0,0.0,0.0,5.222599081233665,0.07438979861544204,0.04637297526066715,0.0119,0.0001,a,,False,False,returning_player,X2_TEAM_CONSTRAINED_SIM_M7,2026-10-09T18:35:51.573649Z,official_2026-27_37972806849_1_team_current,official_2026-27_37972806849_1_minutes_current,official_2026-27_37972806849_1_xpoints_current,official_2026-27_37972806849_1_decision_current
phase9_frontend_v1,2026-27,6,player_code_158499,Christie,team_bournemouth,MID,50,1,CHE (A),CHE,Chelsea,team_chelsea,A,2026-10-10 14:00:00+00:00,2.0140967803417356,2.443513926821662,1.8190338067226788,0.0,2.0,4.100000000000364,55.48683916420222,0.8242624518050201,0.4544949492031393,0.1,0.0049,a,,False,False,returning_player,X2_TEAM_CONSTRAINED_SIM_M7,2026-10-09T18:35:51.573649Z,official_2026-27_37972806849_1_team_current,official_2026-27_37972806849_1_minutes_current,official_2026-27_37972806849_1_xpoints_current,official_2026-27_37972806849_1_decision_current
phase9_frontend_v1,2026-27,6,player_code_158983,Endo,team_liverpool,MID,49,1,MCI (H),MCI,Man City,team_manchester_city,H,2026-10-11 15:30:00+00:00,0.9089160895875792,2.0885840323116898,1.4517808891151582,0.0,0.0,2.0,26.13862354735995,0.43518291604555226,0.1368356843309188,0.0334,0.0014,a,,False,False,returning_player,X2_TEAM_CONSTRAINED_SIM_M7,2026-10-09T18:35:51.573649Z,official_2026-27_37972806849_1_team_current,official_2026-27_37972806849_1_minutes_current,official_2026-27_37972806849_1_xpoints_current,official_2026-27_37972806849_1_decision_current
phase9_frontend_v1,2026-27,6,player_code_159506,Aina,team_nottingham_forest,DEF,44,1,CRY (A),CRY,Crystal Palace,team_crystal_palace,A,2026-10-11 13:00:00+00:00,2.0964920556275843,3.0636210267619357,2.518511234836962,0.0,1.0,6.0,57.585695997054245,0.6843183400668362,0.6704706668661781,0.2103,0.0081,a,,False,False,returning_player,X2_TEAM_CONSTRAINED_SIM_M7,2026-10-09T18:35:51.573649Z,official_2026-27_37972806849_1_team_current,official_2026-27_37972806849_1_minutes_current,official_2026-27_37972806849_1_xpoints_current,official_2026-27_37972806849_1_decision_current
phase9_frontend_v1,2026-27,6,player_code_160817,McNair,team_hull_city,DEF,40,1,EVE (H),EVE,Everton,team_everton,H,2026-10-11 13:00:00+00:00,0.7288178503882883,3.116135771582013,1.8467495769594753,0.0,0.0,2.0,14.933013483550209,0.23388513974096803,0.09871923047792171,0.0844,0.003,a,,False,False,current_season_history_only,X2_TEAM_CONSTRAINED_SIM_M7,2026-10-09T18:35:51.573649Z,official_2026-27_37972806849_1_team_current,official_2026-27_37972806849_1_minutes_current,official_2026-27_37972806849_1_xpoints_current,official_2026-27_37972806849_1_decision_current
phase9_frontend_v1,2026-27,6,player_code_166477,Castagne,team_fulham,DEF,45,1,IPS (A),IPS,Ipswich Town,team_ipswich,A,2026-10-10 14:00:00+00:00,2.732936059323501,3.1023435796108565,2.6329068270639584,0.0,2.0,6.0,67.80216895931225,0.8809263027102586,0.7197664052186069,0.2767,0.0132,a,,False,False,returning_player,X2_TEAM_CONSTRAINED_SIM_M7,2026-10-09T18:35:51.573649Z,official_2026-27_37972806849_1_team_current,official_2026-27_37972806849_1_minutes_current,official_2026-27_37972806849_1_xpoints_current,official_2026-27_37972806849_1_decision_current
phase9_frontend_v1,2026-27,6,player_code_166989,Tielemans,team_manchester_united,MID,58,1,TOT (H),TOT,Spurs,team_tottenham_hotspur,H,2026-10-10 16:30:00+00:00,2.771736296968016,3.2038212464998566,2.2716342993536616,0.0,2.0,6.0,64.17612318853438,0.865134501494461,0.6967326303625596,0.1851,0.0149,a,,False,False,transferred_player,X2_TEAM_CONSTRAINED_SIM_M7,2026-10-09T18:35:51.573649Z,official_2026-27_37972806849_1_team_current,official_2026-27_37972806849_1_minutes_current,official_2026-27_37972806849_1_xpoints_current,official_2026-27_37972806849_1_decision_current
phase9_frontend_v1,2026-27,6,player_code_167074,Tete,team_fulham,DEF,44,1,IPS (A),IPS,Ipswich Town,team_ipswich,A,2026-10-10 14:00:00+00:00,1.387531572864185,2.891211211221607,2.3522284242819618,0.0,0.0,6.0,35.914774234956965,0.4799135972767341,0.3331869069847197,0.1526,0.0078,a,,False,False,returning_player,X2_TEAM_CONSTRAINED_SIM_M7,2026-10-09T18:35:51.573649Z,official_2026-27_37972806849_1_team_current,official_2026-27_37972806849_1_minutes_current,official_2026-27_37972806849_1_xpoints_current,official_2026-27_37972806849_1_decision_current
phase9_frontend_v1,2026-27,6,player_code_167512,O'Nien,team_sunderland,DEF,39,1,BHA (H),BHA,Brighton,team_brighton,H,2026-10-10 14:00:00+00:00,0.6072883339053603,2.29863843930205,1.5721294475964758,0.0,0.0,2.0,17.96919860452628,0.26419480485576285,0.15135940477744425,0.0539,0.002,a,,False,False,returning_player,X2_TEAM_CONSTRAINED_SIM_M7,2026-10-09T18:35:51.573649Z,official_2026-27_37972806849_1_team_current,official_2026-27_37972806849_1_minutes_current,official_2026-27_37972806849_1_xpoints_current,official_2026-27_37972806849_1_decision_current
phase9_frontend_v1,2026-27,6,player_code_167825,Phillips,team_hull_city,GKP,40,1,EVE (H),EVE,Everton,team_everton,H,2026-10-11 13:00:00+00:00,0.2528097144346492,4.027637479965592,1.1783171007839952,0.0,0.0,0.0,5.183578581267098,0.06276873618645762,0.06276873618645772,0.0254,0.0006,a,,False,False,current_season_history_only,X2_TEAM_CONSTRAINED_SIM_M7,2026-10-09T18:35:51.573649Z,official_2026-27_37972806849_1_team_current,official_2026-27_37972806849_1_minutes_current,official_2026-27_37972806849_1_xpoints_current,official_2026-27_37972806849_1_decision_current
phase9_frontend_v1,2026-27,6,player_code_168144,Grimes,team_coventry_city,MID,49,1,NEW (H),NEW,Newcastle,team_newcastle,H,2026-10-12 19:00:00+00:00,2.4778762273897508,2.8541784692167127,2.050153104038818,0.0,2.0,5.0,67.88333416164933,0.8681574239713774,0.8280361757105943,0.1353,0.0104,a,,False,False,current_season_history_only,X2_TEAM_CONSTRAINED_SIM_M7,2026-10-09T18:35:51.573649Z,official_2026-27_37972806849_1_team_current,official_2026-27_37972806849_1_minutes_current,official_2026-27_37972806849_1_xpoints_current,official_2026-27_37972806849_1_decision_current
phase9_frontend_v1,2026-27,6,player_code_169359,Targett,team_hull_city,DEF,40,1,EVE (H),EVE,Everton,team_everton,H,2026-10-11 13:00:00+00:00,0.23145965933576187,2.8508120886776154,1.0449253370456666,0.0,0.0,0.0,4.487422102963223,0.08119078077963648,0.009064542925732576,0.0266,0.0002,i,Ankle injury - Unknown return date,False,False,transferred_player,X2_TEAM_CONSTRAINED_SIM_M7,2026-10-09T18:35:51.573649Z,official_2026-27_37972806849_1_team_current,official_2026-27_37972806849_1_minutes_current,official_2026-27_37972806849_1_xpoints_current,official_2026-27_37972806849_1_decision_current
phase9_frontend_v1,2026-27,6,player_code_169432,McBurnie,team_hull_city,FWD,55,1,EVE (H),EVE,Everton,team_everton,H,2026-10-11 13:00:00+00:00,2.365082881048445,3.349305499921685,2.526367350564838,0.0,2.0,6.0,53.44841528711085,0.7061412824550481,0.6025195004943789,0.1867,0.0196,a,,False,False,transferred_player,X2_TEAM_CONSTRAINED_SIM_M7,2026-10-09T18:35:51.573649Z,official_2026-27_37972806849_1_team_current,official_2026-27_37972806849_1_minutes_current,official_2026-27_37972806849_1_xpoints_current,official_2026-27_37972806849_1_decision_current
phase9_frontend_v1,2026-27,6,player_code_169528,Robinson,team_fulham,DEF,45,1,IPS (A),IPS,Ipswich Town,team_ipswich,A,2026-10-10 14:00:00+00:00,1.2536405597672298,3.0391286297387383,2.217030482424633,0.0,0.0,6.0,32.537491208916485,0.4125000000000001,0.33749999999999997,0.133,0.0052,d,Ankle injury - 75% chance of playing,False,False,returning_player,X2_TEAM_CONSTRAINED_SIM_M7,2026-10-09T18:35:51.573649Z,official_2026-27_37972806849_1_team_current,official_2026-27_37972806849_1_minutes_current,official_2026-27_37972806849_1_xpoints_current,official_2026-27_37972806849_1_decision_current
phase9_frontend_v1,2026-27,6,player_code_169593,Matthews,team_crystal_palace,GKP,40,1,NFO (H),NFO,Nott'm Forest,team_nottingham_forest,H,2026-10-11 13:00:00+00:00,0.02903062730391005,2.839281567896888,0.3384444415262275,0.0,0.0,0.0,0.6341547351629839,0.01022463838463672,0.00459335302640594,0.0022,0.0,a,,False,False,returning_player,X2_TEAM_CONSTRAINED_SIM_M7,2026-10-09T18:35:51.573649Z,official_2026-27_37972806849_1_team_current,official_2026-27_37972806849_1_minutes_current,official_2026-27_37972806849_1_xpoints_current,official_2026-27_37972806849_1_decision_current
phase9_frontend_v1,2026-27,6,player_code_171270,Dowell,team_hull_city,MID,44,1,EVE (H),EVE,Everton,team_everton,H,2026-10-11 13:00:00+00:00,0.34123533826816194,3.0304589352641127,1.193897667306541,0.0,0.0,1.0,7.66519504312129,0.11260186841582209,0.07248062015503876,0.0189,0.0017,a,,False,False,current_season_history_only,X2_TEAM_CONSTRAINED_SIM_M7,2026-10-09T18:35:51.573649Z,official_2026-27_37972806849_1_team_current,official_2026-27_37972806849_1_minutes_current,official_2026-27_37972806849_1_xpoints_current,official_2026-27_37972806849_1_decision_current
phase9_frontend_v1,2026-27,6,player_code_171287,Gomez,team_liverpool,DEF,49,1,MCI (H),MCI,Man City,team_manchester_city,H,2026-10-11 15:30:00+00:00,0.9886453472974858,2.0780375138003597,1.7760109909569815,0.0,0.0,3.0,29.58539082217144,0.47575914329353464,0.17219311816484395,0.0834,0.0009,a,,False,False,returning_player,X2_TEAM_CONSTRAINED_SIM_M7,2026-10-09T18:35:51.573649Z,official_2026-27_37972806849_1_team_current,official_2026-27_37972806849_1_minutes_current,official_2026-27_37972806849_1_xpoints_current,official_2026-27_37972806849_1_decision_current
phase9_frontend_v1,2026-27,6,player_code_171314,Rúben,team_manchester_city,DEF,55,1,LIV (A),LIV,Liverpool,team_liverpool,A,2026-10-11 15:30:00+00:00,1.9709625423227066,2.469332876718842,2.2172020002697095,0.0,1.0,6.0,64.86834420804206,0.7981761231566513,0.7115720001524217,0.1839,0.0031,a,,False,False,returning_player,X2_TEAM_CONSTRAINED_SIM_M7,2026-10-09T18:35:51.573649Z,official_2026-27_37972806849_1_team_current,official_2026-27_37972806849_1_minutes_current,official_2026-27_37972806849_1_xpoints_current,official_2026-27_37972806849_1_decision_current
phase9_frontend_v1,2026-27,6,player_code_172649,Henderson,team_crystal_palace,GKP,49,1,NFO (H),NFO,Nott'm Forest,team_nottingham_forest,H,2026-10-11 13:00:00+00:00,1.1967057421966958,3.3154287216802443,2.177585247470234,0.0,0.0,5.0,27.64085001812472,0.36095052635914027,0.2671492448867274,0.1062,0.0027,i,Foot injury - Expected back 18 Oct,False,False,returning_player,X2_TEAM_CONSTRAINED_SIM_M7,2026-10-09T18:35:51.573649Z,official_2026-27_37972806849_1_team_current,official_2026-27_37972806849_1_minutes_current,official_2026-27_37972806849_1_xpoints_current,official_2026-27_37972806849_1_decision_current
phase9_frontend_v1,2026-27,6,player_code_172780,Maddison,team_tottenham_hotspur,MID,63,1,MUN (A),MUN,Man Utd,team_manchester_united,A,2026-10-10 16:30:00+00:00,2.0296639908417613,3.340361057765494,2.5390265851306086,0.0,1.0,6.0,39.60583434195523,0.6076181453868007,0.2870431893687708,0.1489,0.0172,a,,False,False,returning_player,X2_TEAM_CONSTRAINED_SIM_M7,2026-10-09T18:35:51.573649Z,official_2026-27_37972806849_1_team_current,official_2026-27_37972806849_1_minutes_current,official_2026-27_37972806849_1_xpoints_current,official_2026-27_37972806849_1_decision_current
phase9_frontend_v1,2026-27,6,player_code_172850,Chilwell,team_crystal_palace,DEF,45,1,NFO (H),NFO,Nott'm Forest,team_nottingham_forest,H,2026-10-11 13:00:00+00:00,1.404490758684161,3.057366567860792,2.4086010462507073,0.0,0.0,6.0,28.678565748270394,0.45937924926904294,0.17030985144247834,0.1399,0.0127,a,,False,False,returning_player,X2_TEAM_CONSTRAINED_SIM_M7,2026-10-09T18:35:51.573649Z,official_2026-27_37972806849_1_team_current,official_2026-27_37972806849_1_minutes_current,official_2026-27_37972806849_1_xpoints_current,official_2026-27_37972806849_1_decision_current
phase9_frontend_v1,2026-27,6,player_code_173774,Elvedi,team_leeds,DEF,45,1,ARS (A),ARS,Arsenal,team_arsenal,A,2026-10-10 11:30:00+00:00,1.4691384426482517,1.9582808146910944,1.9295336224072386,0.0,1.0,5.0,57.59918762657361,0.7502184730743013,0.6082624403544651,0.1104,0.0017,a,,False,False,current_season_history_only,X2_TEAM_CONSTRAINED_SIM_M7,2026-10-09T18:35:51.573649Z,official_2026-27_37972806849_1_team_current,official_2026-27_37972806849_1_minutes_current,official_2026-27_37972806849_1_xpoints_current,official_2026-27_37972806849_1_decision_current
phase9_frontend_v1,2026-27,6,player_code_173878,Dasilva,team_coventry_city,DEF,40,1,NEW (H),NEW,Newcastle,team_newcastle,H,2026-10-12 19:00:00+00:00,2.4840209299187848,2.8557558573327304,2.727012423880757,0.0,2.0,7.0,71.0968216747957,0.8698295841854125,0.8474846625766873,0.2213,0.0191,a,,False,False,current_season_history_only,X2_TEAM_CONSTRAINED_SIM_M7,2026-10-09T18:35:51.573649Z,official_2026-27_37972806849_1_team_current,official_2026-27_37972806849_1_minutes_current,official_2026-27_37972806849_1_xpoints_current,official_2026-27_37972806849_1_decision_current
phase9_frontend_v1,2026-27,6,player_code_173879,Abraham,team_aston_villa,FWD,55,1,BRE (H),BRE,Brentford,team_brentford,H,2026-10-10 14:00:00+00:00,2.70674656893994,3.384198927441138,2.538850574571099,0.0,2.0,6.0,42.573426323131244,0.7998189902467011,0.06997274813539874,0.2292,0.0253,a,,False,False,returning_player,X2_TEAM_CONSTRAINED_SIM_M7,2026-10-09T18:35:51.573649Z,official_2026-27_37972806849_1_team_current,official_2026-27_37972806849_1_minutes_current,official_2026-27_37972806849_1_xpoints_current,official_2026-27_37972806849_1_decision_current
phase9_frontend_v1,2026-27,6,player_code_174594,Nmecha,team_leeds,FWD,54,1,ARS (A),ARS,Arsenal,team_arsenal,A,2026-10-10 11:30:00+00:00,2.2364000641917445,2.7691460381945983,1.9793077552518203,0.0,2.0,5.0,45.58581036897408,0.80761362288058,0.1693280111326766,0.1337,0.0089,a,,False,False,returning_player,X2_TEAM_CONSTRAINED_SIM_M7,2026-10-09T18:35:51.573649Z,official_2026-27_37972806849_1_team_current,official_2026-27_37972806849_1_minutes_current,official_2026-27_37972806849_1_xpoints_current,official_2026-27_37972806849_1_decision_current
phase9_frontend_v1,2026-27,6,player_code_174874,Andersen,team_fulham,DEF,50,1,IPS (A),IPS,Ipswich Town,team_ipswich,A,2026-10-10 14:00:00+00:00,2.1499445592201254,2.717683442706596,2.445102042860379,0.0,1.0,6.0,62.88984068309436,0.7910945496576864,0.6622560581234362,0.2249,0.0063,a,,False,False,returning_player,X2_TEAM_CONSTRAINED_SIM_M7,2026-10-09T18:35:51.573649Z,official_2026-27_37972806849_1_team_current,official_2026-27_37972806849_1_minutes_current,official_2026-27_37972806849_1_xpoints_current,official_2026-27_37972806849_1_decision_current
phase9_frontend_v1,2026-27,6,player_code_176297,Rashford,team_manchester_united,MID,69,1,TOT (H),TOT,Spurs,team_tottenham_hotspur,H,2026-10-10 16:30:00+00:00,1.7654082587255642,4.418209155190297,2.978094355456187,0.0,0.0,7.0,27.560439108804722,0.39957552861698464,0.24482670229669223,0.146,0.0311,d,Unspecified injury - 75% chance of playing,False,False,returning_player,X2_TEAM_CONSTRAINED_SIM_M7,2026-10-09T18:35:51.573649Z,official_2026-27_37972806849_1_team_current,official_2026-27_37972806849_1_minutes_current,official_2026-27_37972806849_1_xpoints_current,official_2026-27_37972806849_1_decision_current
phase9_frontend_v1,2026-27,6,player_code_176412,Wright,team_coventry_city,FWD,53,1,NEW (H),NEW,Newcastle,team_newcastle,H,2026-10-12 19:00:00+00:00,0.2116068525308564,3.46384996207065,1.0811279988974478,0.0,0.0,0.0,3.8736011224558546,0.06109007458405047,0.028967297762478486,0.0183,0.0028,i,Thigh injury - Unknown return date,False,False,current_season_history_only,X2_TEAM_CONSTRAINED_SIM_M7,2026-10-09T18:35:51.573649Z,official_2026-27_37972806849_1_team_current,official_2026-27_37972806849_1_minutes_current,official_2026-27_37972806849_1_xpoints_current,official_2026-27_37972806849_1_decision_current
phase9_frontend_v1,2026-27,6,player_code_176420,Furlong,team_ipswich,DEF,39,1,FUL (H),FUL,Fulham,team_fulham,H,2026-10-10 14:00:00+00:00,0.5094428125391572,2.1781752064426776,1.384337960904056,0.0,0.0,2.0,14.745400053685557,0.23388513974096792,0.09192910702113159,0.0399,0.0013,a,,False,False,current_season_history_only,X2_TEAM_CONSTRAINED_SIM_M7,2026-10-09T18:35:51.573649Z,official_2026-27_37972806849_1_team_current,official_2026-27_37972806849_1_minutes_current,official_2026-27_37972806849_1_xpoints_current,official_2026-27_37972806849_1_decision_current
phase9_frontend_v1,2026-27,6,player_code_17761,Tarkowski,team_everton,DEF,62,1,HUL (A),HUL,Hull City,team_hull_city,A,2026-10-11 13:00:00+00:00,2.9385697294798696,3.049441438186853,2.4935021134941917,0.0,2.0,6.0,79.631119742953,0.963641961665968,0.8993980871089433,0.2957,0.0095,a,,False,False,returning_player,X2_TEAM_CONSTRAINED_SIM_M7,2026-10-09T18:35:51.573649Z,official_2026-27_37972806849_1_team_current,official_2026-27_37972806849_1_minutes_current,official_2026-27_37972806849_1_xpoints_current,official_2026-27_37972806849_1_decision_current
phase9_frontend_v1,2026-27,6,player_code_177815,Calvert-Lewin,team_leeds,FWD,60,1,ARS (A),ARS,Arsenal,team_arsenal,A,2026-10-10 11:30:00+00:00,2.299719951070688,2.854387350492939,1.9559746189559823,0.0,2.0,6.0,61.17956380008148,0.8056790017211705,0.6942401032702239,0.1307,0.0083,a,,False,False,returning_player,X2_TEAM_CONSTRAINED_SIM_M7,2026-10-09T18:35:51.573649Z,official_2026-27_37972806849_1_team_current,official_2026-27_37972806849_1_minutes_current,official_2026-27_37972806849_1_xpoints_current,official_2026-27_37972806849_1_decision_current
phase9_frontend_v1,2026-27,6,player_code_180135,Longstaff,team_leeds,MID,48,1,ARS (A),ARS,Arsenal,team_arsenal,A,2026-10-10 11:30:00+00:00,1.460391248227031,2.2768500439482837,1.5827851370290282,0.0,1.0,3.0,40.92829817547126,0.6414086215772768,0.3004593384370937,0.0505,0.0017,a,,False,False,returning_player,X2_TEAM_CONSTRAINED_SIM_M7,2026-10-09T18:35:51.573649Z,official_2026-27_37972806849_1_team_current,official_2026-27_37972806849_1_minutes_current,official_2026-27_37972806849_1_xpoints_current,official_2026-27_37972806849_1_decision_current
phase9_frontend_v1,2026-27,6,player_code_180974,Joelinton,team_newcastle,MID,54,1,COV (A),COV,Coventry City,team_coventry_city,A,2026-10-12 19:00:00+00:00,0.9558374432188791,2.819326648667898,1.7929825403500168,0.0,0.0,3.0,22.51209182918633,0.33903040063502476,0.17545514950166113,0.0532,0.0036,d,Unspecified injury - 75% chance of playing,False,False,returning_player,X2_TEAM_CONSTRAINED_SIM_M7,2026-10-09T18:35:51.573649Z,official_2026-27_37972806849_1_team_current,official_2026-27_37972806849_1_minutes_current,official_2026-27_37972806849_1_xpoints_current,official_2026-27_37972806849_1_decision_current
phase9_frontend_v1,2026-27,6,player_code_183015,Kipré,team_ipswich,DEF,39,1,FUL (H),FUL,Fulham,team_fulham,H,2026-10-10 14:00:00+00:00,0.2653929833812434,2.3224260714643536,1.0505836425530335,0.0,0.0,0.0,8.50345769725876,0.1142740286298568,0.09192910702113159,0.0211,0.0011,a,,False,False,current_season_history_only,X2_TEAM_CONSTRAINED_SIM_M7,2026-10-09T18:35:51.573649Z,official_2026-27_37972806849_1_team_current,official_2026-27_37972806849_1_minutes_current,official_2026-27_37972806849_1_xpoints_current,official_2026-27_37972806849_1_decision_current
phase9_frontend_v1,2026-27,6,player_code_183656,Dasilva,team_brentford,MID,49,1,AVL (A),AVL,Aston Villa,team_aston_villa,A,2026-10-10 14:00:00+00:00,0.39287348929798316,2.8007494888402396,1.2566225805706341,0.0,0.0,2.0,7.779682391172388,0.14027441256828288,0.017564762051440017,0.0228,0.0017,i,Hamstring injury - Expected back 10 Oct,False,False,returning_player,X2_TEAM_CONSTRAINED_SIM_M7,2026-10-09T18:35:51.573649Z,official_2026-27_37972806849_1_team_current,official_2026-27_37972806849_1_minutes_current,official_2026-27_37972806849_1_xpoints_current,official_2026-27_37972806849_1_decision_current
phase9_frontend_v1,2026-27,6,player_code_184029,Ødegaard,team_arsenal,MID,68,1,LEE (H),LEE,Leeds,team_leeds,H,2026-10-10 11:30:00+00:00,4.024822949652979,4.604646476451365,3.051145614355369,0.0,3.0,8.0,68.21087780168405,0.8740786008733431,0.7638133757041746,0.3154,0.049,a,,False,False,returning_player,X2_TEAM_CONSTRAINED_SIM_M7,2026-10-09T18:35:51.573649Z,official_2026-27_37972806849_1_team_current,official_2026-27_37972806849_1_minutes_current,official_2026-27_37972806849_1_xpoints_current,official_2026-27_37972806849_1_decision_current
phase9_frontend_v1,2026-27,6,player_code_184341,Mount,team_manchester_united,MID,54,1,TOT (H),TOT,Spurs,team_tottenham_hotspur,H,2026-10-10 16:30:00+00:00,1.2915236750986925,2.9993674482090653,2.1305862456141034,0.0,0.0,4.0,26.288698894830937,0.43059868368907805,0.15288169868554097,0.0844,0.0067,a,,False,False,returning_player,X2_TEAM_CONSTRAINED_SIM_M7,2026-10-09T18:35:51.573649Z,official_2026-27_37972806849_1_team_current,official_2026-27_37972806849_1_minutes_current,official_2026-27_37972806849_1_xpoints_current,official_2026-27_37972806849_1_decision_current
phase9_frontend_v1,2026-27,6,player_code_184349,Sessegnon,team_fulham,DEF,43,1,IPS (A),IPS,Ipswich Town,team_ipswich,A,2026-10-10 14:00:00+00:00,1.6338843751871428,3.7824176979945787,2.8775343612196886,0.0,0.0,6.0,26.188071638939938,0.4319682556618274,0.13194467095987503,0.1576,0.0232,a,,False,False,position_change,X2_TEAM_CONSTRAINED_SIM_M7,2026-10-09T18:35:51.573649Z,official_2026-27_37972806849_1_team_current,official_2026-27_37972806849_1_minutes_current,official_2026-27_37972806849_1_xpoints_current,official_2026-27_37972806849_1_decision_current
phase9_frontend_v1,2026-27,6,player_code_184667,Lindelöf,team_aston_villa,DEF,45,1,BRE (H),BRE,Brentford,team_brentford,H,2026-10-10 14:00:00+00:00,1.7243800131935454,2.696841233666205,2.2908217717666295,0.0,1.0,6.0,48.70235878147498,0.6394073153684865,0.5055891900287335,0.1635,0.0046,a,,False,False,returning_player,X2_TEAM_CONSTRAINED_SIM_M7,2026-10-09T18:35:51.573649Z,official_2026-27_37972806849_1_team_current,official_2026-27_37972806849_1_minutes_current,official_2026-27_37972806849_1_xpoints_current,official_2026-27_37972806849_1_decision_current
phase9_frontend_v1,2026-27,6,player_code_191866,Ajer,team_brentford,DEF,45,1,AVL (A),AVL,Aston Villa,team_aston_villa,A,2026-10-10 14:00:00+00:00,1.629626013743706,2.3139449742103375,2.1830083806527174,0.0,1.0,6.0,54.40088058467681,0.7042630796783904,0.5818825591586327,0.156,0.0031,a,,False,False,returning_player,X2_TEAM_CONSTRAINED_SIM_M7,2026-10-09T18:35:51.573649Z,official_2026-27_37972806849_1_team_current,official_2026-27_37972806849_1_minutes_current,official_2026-27_37972806849_1_xpoints_current,official_2026-27_37972806849_1_decision_current
phase9_frontend_v1,2026-27,6,player_code_193278,Coyle,team_hull_city,DEF,40,1,EVE (H),EVE,Everton,team_everton,H,2026-10-11 13:00:00+00:00,2.9472634508041597,3.388322844369849,2.6398360252106565,0.0,2.0,6.0,71.0968216747957,0.8698295841854125,0.8474846625766873,0.346,0.0108,a,,False,False,current_season_history_only,X2_TEAM_CONSTRAINED_SIM_M7,2026-10-09T18:35:51.573649Z,official_2026-27_37972806849_1_team_current,official_2026-27_37972806849_1_minutes_current,official_2026-27_37972806849_1_xpoints_current,official_2026-27_37972806849_1_decision_current
phase9_frontend_v1,2026-27,6,player_code_194010,Henry,team_brentford,DEF,44,1,AVL (A),AVL,Aston Villa,team_aston_villa,A,2026-10-10 14:00:00+00:00,0.845599350508883,2.277879960947227,1.7324981240971085,0.0,0.0,2.0,25.273207951525567,0.3712220858895705,0.19455336661204897,0.0765,0.001,a,,False,False,returning_player,X2_TEAM_CONSTRAINED_SIM_M7,2026-10-09T18:35:51.573649Z,official_2026-27_37972806849_1_team_current,official_2026-27_37972806849_1_minutes_current,official_2026-27_37972806849_1_xpoints_current,official_2026-27_37972806849_1_decision_current
phase9_frontend_v1,2026-27,6,player_code_195384,Merino,team_arsenal,MID,57,1,LEE (H),LEE,Leeds,team_leeds,H,2026-10-10 11:30:00+00:00,2.7624042472345,3.5731884956028828,2.7954494379258588,0.0,2.0,7.0,46.46919730564481,0.7730922257904606,0.24450546371532644,0.1924,0.026,a,,False,False,returning_player,X2_TEAM_CONSTRAINED_SIM_M7,2026-10-09T18:35:51.573649Z,official_2026-27_37972806849_1_team_current,official_2026-27_37972806849_1_minutes_current,official_2026-27_37972806849_1_xpoints_current,official_2026-27_37972806849_1_decision_current
phase9_frontend_v1,2026-27,6,player_code_195546,Buendía,team_aston_villa,MID,59,1,BRE (H),BRE,Brentford,team_brentford,H,2026-10-10 14:00:00+00:00,2.4330222148712495,3.4997613169274153,2.638511548202888,0.0,2.0,7.0,48.492115297193514,0.6951966132957033,0.4954903943377149,0.1677,0.0206,a,,False,False,returning_player,X2_TEAM_CONSTRAINED_SIM_M7,2026-10-09T18:35:51.573649Z,official_2026-27_37972806849_1_team_current,official_2026-27_37972806849_1_minutes_current,official_2026-27_37972806849_1_xpoints_current,official_2026-27_37972806849_1_decision_current
phase9_frontend_v1,2026-27,6,player_code_196100,Hamer,team_coventry_city,MID,54,1,NEW (H),NEW,Newcastle,team_newcastle,H,2026-10-12 19:00:00+00:00,2.27062289648519,2.906800000324276,2.2326299984547373,0.0,2.0,5.0,55.82788313083997,0.7811417697233674,0.5507381193124368,0.1496,0.0125,a,,False,False,transferred_player,X2_TEAM_CONSTRAINED_SIM_M7,2026-10-09T18:35:51.573649Z,official_2026-27_37972806849_1_team_current,official_2026-27_37972806849_1_minutes_current,official_2026-27_37972806849_1_xpoints_current,official_2026-27_37972806849_1_decision_current
phase9_frontend_v1,2026-27,6,player_code_198869,White,team_arsenal,DEF,55,1,LEE (H),LEE,Leeds,team_leeds,H,2026-10-10 11:30:00+00:00,2.9674990140110746,4.225538277464563,3.172004336377868,0.0,2.0,7.0,54.64392738468283,0.7022771583533387,0.5933127869019041,0.3522,0.0324,a,,False,False,returning_player,X2_TEAM_CONSTRAINED_SIM_M7,2026-10-09T18:35:51.573649Z,official_2026-27_37972806849_1_team_current,official_2026-27_37972806849_1_minutes_current,official_2026-27_37972806849_1_xpoints_current,official_2026-27_37972806849_1_decision_current
phase9_frontend_v1,2026-27,6,player_code_199598,Ampadu,team_leeds,MID,54,1,ARS (A),ARS,Arsenal,team_arsenal,A,2026-10-10 11:30:00+00:00,1.491335186996536,2.84100560478946,1.7777188866634681,0.0,1.0,4.0,42.793411226606565,0.5249321523626685,0.5210890527509926,0.0647,0.0012,a,,False,False,returning_player,X2_TEAM_CONSTRAINED_SIM_M7,2026-10-09T18:35:51.573649Z,official_2026-27_37972806849_1_team_current,official_2026-27_37972806849_1_minutes_current,official_2026-27_37972806849_1_xpoints_current,official_2026-27_37972806849_1_decision_current
phase9_frontend_v1,2026-27,6,player_code_199796,Cash,team_aston_villa,DEF,44,1,BRE (H),BRE,Brentford,team_brentford,H,2026-10-10 14:00:00+00:00,2.12769159091043,2.7980707068095776,2.5365050266064917,0.0,1.0,6.0,56.80373956881266,0.7604138043160715,0.5644945674402064,0.2077,0.0101,a,,False,False,returning_player,X2_TEAM_CONSTRAINED_SIM_M7,2026-10-09T18:35:51.573649Z,official_2026-27_37972806849_1_team_current,official_2026-27_37972806849_1_minutes_current,official_2026-27_37972806849_1_xpoints_current,official_2026-27_37972806849_1_decision_current
phase9_frontend_v1,2026-27,6,player_code_199798,Konsa,team_arsenal,DEF,46,1,LEE (H),LEE,Leeds,team_leeds,H,2026-10-10 11:30:00+00:00,1.4979535200974472,3.6314024729635075,2.437499538461495,0.0,0.0,6.0,32.537491208916485,0.4125000000000001,0.33749999999999997,0.182,0.0046,d,Unspecified injury - 75% chance of playing,False,False,transferred_player,X2_TEAM_CONSTRAINED_SIM_M7,2026-10-09T18:35:51.573649Z,official_2026-27_37972806849_1_team_current,official_2026-27_37972806849_1_minutes_current,official_2026-27_37972806849_1_xpoints_current,official_2026-27_37972806849_1_decision_current
phase9_frontend_v1,2026-27,6,player_code_200089,Willock,team_newcastle,MID,50,1,COV (A),COV,Coventry City,team_coventry_city,A,2026-10-12 19:00:00+00:00,2.214388413424316,2.92210728438777,2.0992074599715007,0.0,2.0,5.0,49.316788519990354,0.7578053089478771,0.39449577736048924,0.1249,0.0073,a,,False,False,returning_player,X2_TEAM_CONSTRAINED_SIM_M7,2026-10-09T18:35:51.573649Z,official_2026-27_37972806849_1_team_current,official_2026-27_37972806849_1_minutes_current,official_2026-27_37972806849_1_xpoints_current,official_2026-27_37972806849_1_decision_current
phase9_frontend_v1,2026-27,6,player_code_200617,James,team_leeds,MID,49,1,ARS (A),ARS,Arsenal,team_arsenal,A,2026-10-10 11:30:00+00:00,0.7146390408394933,2.241066558369342,1.3201642928060129,0.0,0.0,2.0,17.565861403787775,0.3188834522431512,0.03501504787961696,0.0241,0.0005,i,Back injury - Expected back 18 Oct,False,False,returning_player,X2_TEAM_CONSTRAINED_SIM_M7,2026-10-09T18:35:51.573649Z,official_2026-27_37972806849_1_team_current,official_2026-27_37972806849_1_minutes_current,official_2026-27_37972806849_1_xpoints_current,official_2026-27_37972806849_1_decision_current
phase9_frontend_v1,2026-27,6,player_code_200720,Kelleher,team_brentford,GKP,50,1,AVL (A),AVL,Aston Villa,team_aston_villa,A,2026-10-10 14:00:00+00:00,1.9334990819259605,3.414070600558207,2.5127098340238176,0.0,1.0,6.0,49.597797433216925,0.5663324834611885,0.5663324834611885,0.1504,0.0072,a,,False,False,returning_player,X2_TEAM_CONSTRAINED_SIM_M7,2026-10-09T18:35:51.573649Z,official_2026-27_37972806849_1_team_current,official_2026-27_37972806849_1_minutes_current,official_2026-27_37972806849_1_xpoints_current,official_2026-27_37972806849_1_decision_current
phase9_frontend_v1,2026-27,6,player_code_200785,Adams,team_bournemouth,MID,50,1,CHE (A),CHE,Chelsea,team_chelsea,A,2026-10-10 14:00:00+00:00,1.5031597601883633,2.2326937955146016,1.6027456909940516,0.0,2.0,3.0,48.131531825702716,0.6732494008843286,0.47521228609039057,0.058,0.0014,a,,False,False,returning_player,X2_TEAM_CONSTRAINED_SIM_M7,2026-10-09T18:35:51.573649Z,official_2026-27_37972806849_1_team_current,official_2026-27_37972806849_1_minutes_current,official_2026-27_37972806849_1_xpoints_current,official_2026-27_37972806849_1_decision_current
phase9_frontend_v1,2026-27,6,player_code_200834,Mukiele,team_sunderland,DEF,54,1,BHA (H),BHA,Brighton,team_brighton,H,2026-10-10 14:00:00+00:00,2.9876616883532217,3.572275822884874,2.978383883920943,0.0,2.0,7.0,70.74439972632318,0.8363468658308882,0.8306237396639105,0.2698,0.0293,a,,False,False,returning_player,X2_TEAM_CONSTRAINED_SIM_M7,2026-10-09T18:35:51.573649Z,official_2026-27_37972806849_1_team_current,official_2026-27_37972806849_1_minutes_current,official_2026-27_37972806849_1_xpoints_current,official_2026-27_37972806849_1_decision_current
phase9_frontend_v1,2026-27,6,player_code_201658,Tavernier,team_bournemouth,MID,61,1,CHE (A),CHE,Chelsea,team_chelsea,A,2026-10-10 14:00:00+00:00,2.929950339146013,3.532792800949634,2.6427056419510664,0.0,2.0,7.0,61.57572762941771,0.8293581039789332,0.6699003322259136,0.2091,0.0254,a,,False,False,returning_player,X2_TEAM_CONSTRAINED_SIM_M7,2026-10-09T18:35:51.573649Z,official_2026-27_37972806849_1_team_current,official_2026-27_37972806849_1_minutes_current,official_2026-27_37972806849_1_xpoints_current,official_2026-27_37972806849_1_decision_current
phase9_frontend_v1,2026-27,6,player_code_201666,Barnes,team_newcastle,MID,61,1,COV (A),COV,Coventry City,team_coventry_city,A,2026-10-12 19:00:00+00:00,3.5112247306047646,4.037716511938076,3.0813917310202545,0.0,3.0,8.0,59.918325970083565,0.8696065511839021,0.5894034378159758,0.2728,0.0453,a,,False,False,returning_player,X2_TEAM_CONSTRAINED_SIM_M7,2026-10-09T18:35:51.573649Z,official_2026-27_37972806849_1_team_current,official_2026-27_37972806849_1_minutes_current,official_2026-27_37972806849_1_xpoints_current,official_2026-27_37972806849_1_decision_current
phase9_frontend_v1,2026-27,6,player_code_201895,Alderete,team_sunderland,DEF,48,1,BHA (H),BHA,Brighton,team_brighton,H,2026-10-10 14:00:00+00:00,1.7394868991102208,2.9689298621898574,2.39917068796699,0.0,1.0,6.0,47.32040426392687,0.5858969325153374,0.5132572771178696,0.1488,0.0072,a,,False,False,returning_player,X2_TEAM_CONSTRAINED_SIM_M7,2026-10-09T18:35:51.573649Z,official_2026-27_37972806849_1_team_current,official_2026-27_37972806849_1_minutes_current,official_2026-27_37972806849_1_xpoints_current,official_2026-27_37972806849_1_decision_current
phase9_frontend_v1,2026-27,6,player_code_202993,Bentancur,team_tottenham_hotspur,MID,55,1,MUN (A),MUN,Man Utd,team_manchester_united,A,2026-10-10 16:30:00+00:00,1.6844352480993952,2.3185588708629625,1.7834069389794356,0.0,2.0,3.0,52.78341629752671,0.7265009611217903,0.5440593384370938,0.0688,0.004,a,,False,False,returning_player,X2_TEAM_CONSTRAINED_SIM_M7,2026-10-09T18:35:51.573649Z,official_2026-27_37972806849_1_team_current,official_2026-27_37972806849_1_minutes_current,official_2026-27_37972806849_1_xpoints_current,official_2026-27_37972806849_1_decision_current
phase9_frontend_v1,2026-27,6,player_code_204120,Boscagli,team_brighton,DEF,45,1,SUN (A),SUN,Sunderland,team_sunderland,A,2026-10-10 14:00:00+00:00,1.67707931420574,2.947045506831313,2.3601972714160993,0.0,1.0,6.0,45.39349857524148,0.5690714006004438,0.5175125962668059,0.1679,0.0052,a,,False,False,returning_player,X2_TEAM_CONSTRAINED_SIM_M7,2026-10-09T18:35:51.573649Z,official_2026-27_37972806849_1_team_current,official_2026-27_37972806849_1_minutes_current,official_2026-27_37972806849_1_xpoints_current,official_2026-27_37972806849_1_decision_current
phase9_frontend_v1,2026-27,6,player_code_204480,Rice,team_arsenal,MID,74,1,LEE (H),LEE,Leeds,team_leeds,H,2026-10-10 11:30:00+00:00,1.5053187456678703,3.6492575652554433,2.331264410143131,0.0,0.0,4.0,31.51712775577834,0.4125,0.33750000000000013,0.0995,0.0105,d,Unspecified injury - 75% chance of playing,False,False,returning_player,X2_TEAM_CONSTRAINED_SIM_M7,2026-10-09T18:35:51.573649Z,official_2026-27_37972806849_1_team_current,official_2026-27_37972806849_1_minutes_current,official_2026-27_37972806849_1_xpoints_current,official_2026-27_37972806849_1_decision_current
phase9_frontend_v1,2026-27,6,player_code_204561,Schlager,team_nottingham_forest,MID,50,1,CRY (A),CRY,Crystal Palace,team_crystal_palace,A,2026-10-11 13:00:00+00:00,2.435214233746798,2.8050376193374413,2.090080187456931,0.0,2.0,5.0,64.65058117988596,0.8681574239713774,0.7084250645994832,0.134,0.0096,a,,False,False,current_season_history_only,X2_TEAM_CONSTRAINED_SIM_M7,2026-10-09T18:35:51.573649Z,official_2026-27_37972806849_1_team_current,official_2026-27_37972806849_1_minutes_current,official_2026-27_37972806849_1_xpoints_current,official_2026-27_37972806849_1_decision_current
phase9_frontend_v1,2026-27,6,player_code_204580,Janelt,team_brentford,MID,50,1,AVL (A),AVL,Aston Villa,team_aston_villa,A,2026-10-10 14:00:00+00:00,2.281128835538398,2.5574145096900582,1.8340086559228668,0.0,2.0,5.0,66.30772030521959,0.891966799631107,0.7235649284992056,0.1106,0.0054,a,,False,False,returning_player,X2_TEAM_CONSTRAINED_SIM_M7,2026-10-09T18:35:51.573649Z,official_2026-27_37972806849_1_team_current,official_2026-27_37972806849_1_minutes_current,official_2026-27_37972806849_1_xpoints_current,official_2026-27_37972806849_1_decision_current
phase9_frontend_v1,2026-27,6,player_code_204813,Latibeaudiere,team_coventry_city,DEF,40,1,NEW (H),NEW,Newcastle,team_newcastle,H,2026-10-12 19:00:00+00:00,0.6215108599787795,2.1701924217888156,1.5337702044308985,0.0,0.0,2.0,17.48512858449063,0.2863851397409679,0.09192910702113159,0.0493,0.0015,a,,False,False,current_season_history_only,X2_TEAM_CONSTRAINED_SIM_M7,2026-10-09T18:35:51.573649Z,official_2026-27_37972806849_1_team_current,official_2026-27_37972806849_1_minutes_current,official_2026-27_37972806849_1_xpoints_current,official_2026-27_37972806849_1_decision_current
phase9_frontend_v1,2026-27,6,player_code_204822,O.Richards,team_nottingham_forest,DEF,40,1,CRY (A),CRY,Crystal Palace,team_crystal_palace,A,2026-10-11 13:00:00+00:00,0.023330533362753276,2.78991318095075,0.35845489255971946,0.0,0.0,0.0,0.6222744876141925,0.008362458560378094,0.006727279655527188,0.0024,0.0002,a,,False,False,returning_player,X2_TEAM_CONSTRAINED_SIM_M7,2026-10-09T18:35:51.573649Z,official_2026-27_37972806849_1_team_current,official_2026-27_37972806849_1_minutes_current,official_2026-27_37972806849_1_xpoints_current,official_2026-27_37972806849_1_decision_current
phase9_frontend_v1,2026-27,6,player_code_204936,Donnarumma,team_manchester_city,GKP,55,1,LIV (A),LIV,Liverpool,team_liverpool,A,2026-10-11 15:30:00+00:00,2.769807148138342,2.96239444155567,2.3933002402540304,0.0,2.0,7.0,81.88372021066932,0.9349893144829854,0.9349893144829855,0.2354,0.0063,a,,False,False,returning_player,X2_TEAM_CONSTRAINED_SIM_M7,2026-10-09T18:35:51.573649Z,official_2026-27_37972806849_1_team_current,official_2026-27_37972806849_1_minutes_current,official_2026-27_37972806849_1_xpoints_current,official_2026-27_37972806849_1_decision_current
phase9_frontend_v1,2026-27,6,player_code_204968,Yates,team_nottingham_forest,MID,44,1,CRY (A),CRY,Crystal Palace,team_crystal_palace,A,2026-10-11 13:00:00+00:00,1.4917214543053539,2.217408980092658,1.6212206635742095,0.0,1.0,3.0,41.04698378970649,0.6727317638278076,0.23785064278491982,0.0575,0.0022,a,,False,False,returning_player,X2_TEAM_CONSTRAINED_SIM_M7,2026-10-09T18:35:51.573649Z,official_2026-27_37972806849_1_team_current,official_2026-27_37972806849_1_minutes_current,official_2026-27_37972806849_1_xpoints_current,official_2026-27_37972806849_1_decision_current
phase9_frontend_v1,2026-27,6,player_code_205533,Nketiah,team_crystal_palace,FWD,55,1,NFO (H),NFO,Nott'm Forest,team_nottingham_forest,H,2026-10-11 13:00:00+00:00,2.08701584283319,3.090910948771196,2.386722352935087,0.0,2.0,6.0,42.12902928773387,0.6752106021245586,0.2941549680532244,0.1722,0.015,a,,False,False,returning_player,X2_TEAM_CONSTRAINED_SIM_M7,2026-10-09T18:35:51.573649Z,official_2026-27_37972806849_1_team_current,official_2026-27_37972806849_1_minutes_current,official_2026-27_37972806849_1_xpoints_current,official_2026-27_37972806849_1_decision_current
phase9_frontend_v1,2026-27,6,player_code_207189,Berge,team_fulham,MID,49,1,IPS (A),IPS,Ipswich Town,team_ipswich,A,2026-10-10 14:00:00+00:00,2.1914939768269734,2.360884441004326,1.4816778023578538,1.0,2.0,3.0,72.00269038125793,0.9282512683656413,0.7962936078281866,0.0701,0.0024,a,,False,False,returning_player,X2_TEAM_CONSTRAINED_SIM_M7,2026-10-09T18:35:51.573649Z,official_2026-27_37972806849_1_team_current,official_2026-27_37972806849_1_minutes_current,official_2026-27_37972806849_1_xpoints_current,official_2026-27_37972806849_1_decision_current
phase9_frontend_v1,2026-27,6,player_code_207283,Jensen,team_brentford,MID,54,1,AVL (A),AVL,Aston Villa,team_aston_villa,A,2026-10-10 14:00:00+00:00,0.9758757879012978,2.8343467189127765,1.8084252790756934,0.0,0.0,3.0,23.176798232688572,0.34430360315114616,0.18982272714141268,0.0567,0.0043,i,Unspecified injury - Expected back 10 Oct,False,False,returning_player,X2_TEAM_CONSTRAINED_SIM_M7,2026-10-09T18:35:51.573649Z,official_2026-27_37972806849_1_team_current,official_2026-27_37972806849_1_minutes_current,official_2026-27_37972806849_1_xpoints_current,official_2026-27_37972806849_1_decision_current
phase9_frontend_v1,2026-27,6,player_code_208481,Ömür,team_hull_city,MID,49,1,EVE (H),EVE,Everton,team_everton,H,2026-10-11 13:00:00+00:00,0.34123533826816194,3.0304589352641127,1.1968350930683809,0.0,0.0,1.0,7.66519504312129,0.11260186841582209,0.07248062015503876,0.0203,0.0009,a,,False,False,current_season_history_only,X2_TEAM_CONSTRAINED_SIM_M7,2026-10-09T18:35:51.573649Z,official_2026-27_37972806849_1_team_current,official_2026-27_37972806849_1_minutes_current,official_2026-27_37972806849_1_xpoints_current,official_2026-27_37972806849_1_decision_current
phase9_frontend_v1,2026-27,6,player_code_208706,Bruno G.,team_arsenal,MID,67,1,LEE (H),LEE,Leeds,team_leeds,H,2026-10-10 11:30:00+00:00,3.009816736976429,3.7417458934696106,2.7107128785616528,0.0,3.0,7.0,60.602300009129415,0.8043883317222044,0.6289048870913381,0.2147,0.0273,a,,False,False,transferred_player,X2_TEAM_CONSTRAINED_SIM_M7,2026-10-09T18:35:51.573649Z,official_2026-27_37972806849_1_team_current,official_2026-27_37972806849_1_minutes_current,official_2026-27_37972806849_1_xpoints_current,official_2026-27_37972806849_1_decision_current
phase9_frontend_v1,2026-27,6,player_code_209036,Guéhi,team_manchester_city,DEF,60,1,LIV (A),LIV,Liverpool,team_liverpool,A,2026-10-11 15:30:00+00:00,2.542559823577436,2.8359020859737947,2.6389423468503437,0.0,2.0,6.0,73.79605619189265,0.8965612163243531,0.8278452920778875,0.2488,0.014,a,,False,False,returning_player,X2_TEAM_CONSTRAINED_SIM_M7,2026-10-09T18:35:51.573649Z,official_2026-27_37972806849_1_team_current,official_2026-27_37972806849_1_minutes_current,official_2026-27_37972806849_1_xpoints_current,official_2026-27_37972806849_1_decision_current
phase9_frontend_v1,2026-27,6,player_code_209046,Hudson-Odoi,team_nottingham_forest,MID,58,1,CRY (A),CRY,Crystal Palace,team_crystal_palace,A,2026-10-11 13:00:00+00:00,1.5642775979390215,3.463882482472782,2.337778687130157,0.0,0.0,4.0,31.7906804810658,0.4515966132957032,0.3004593384370937,0.0966,0.0108,a,,False,False,returning_player,X2_TEAM_CONSTRAINED_SIM_M7,2026-10-09T18:35:51.573649Z,official_2026-27_37972806849_1_team_current,official_2026-27_37972806849_1_minutes_current,official_2026-27_37972806849_1_xpoints_current,official_2026-27_37972806849_1_decision_current
phase9_frontend_v1,2026-27,6,player_code_209244,Foden,team_manchester_city,MID,69,1,LIV (A),LIV,Liverpool,team_liverpool,A,2026-10-11 15:30:00+00:00,0.0,0.0,0.0,0.0,0.0,0.0,0.0,0.0,0.0,0.0,0.0,s,Suspended until 17 Oct,False,False,returning_player,X2_TEAM_CONSTRAINED_SIM_M7,2026-10-09T18:35:51.573649Z,official_2026-27_37972806849_1_team_current,official_2026-27_37972806849_1_minutes_current,official_2026-27_37972806849_1_xpoints_current,official_2026-27_37972806849_1_decision_current
phase9_frontend_v1,2026-27,6,player_code_209289,Smith Rowe,team_fulham,MID,53,1,IPS (A),IPS,Ipswich Town,team_ipswich,A,2026-10-10 14:00:00+00:00,2.037842489184536,3.257908585997583,2.4120310425033917,0.0,2.0,6.0,38.35411301594165,0.6255063441445646,0.2289065434060379,0.1306,0.0136,a,,False,False,returning_player,X2_TEAM_CONSTRAINED_SIM_M7,2026-10-09T18:35:51.573649Z,official_2026-27_37972806849_1_team_current,official_2026-27_37972806849_1_minutes_current,official_2026-27_37972806849_1_xpoints_current,official_2026-27_37972806849_1_decision_current
phase9_frontend_v1,2026-27,6,player_code_209365,De Ligt,team_manchester_united,DEF,49,1,TOT (H),TOT,Spurs,team_tottenham_hotspur,H,2026-10-10 16:30:00+00:00,0.7891170920528882,3.079048692492658,1.9563934062452777,0.0,0.0,2.0,18.28712249356031,0.25628600612160335,0.15058107542403462,0.0819,0.0061,i,Back injury - Unknown return date,False,False,returning_player,X2_TEAM_CONSTRAINED_SIM_M7,2026-10-09T18:35:51.573649Z,official_2026-27_37972806849_1_team_current,official_2026-27_37972806849_1_minutes_current,official_2026-27_37972806849_1_xpoints_current,official_2026-27_37972806849_1_decision_current
phase9_frontend_v1,2026-27,6,player_code_209400,Kamada,team_crystal_palace,MID,50,1,NFO (H),NFO,Nott'm Forest,team_nottingham_forest,H,2026-10-11 13:00:00+00:00,1.9723937546296308,2.2851453393406924,1.5604222986102192,0.0,2.0,3.0,60.951478302508455,0.863137114595391,0.64581121751026,0.0734,0.0014,a,,False,False,returning_player,X2_TEAM_CONSTRAINED_SIM_M7,2026-10-09T18:35:51.573649Z,official_2026-27_37972806849_1_team_current,official_2026-27_37972806849_1_minutes_current,official_2026-27_37972806849_1_xpoints_current,official_2026-27_37972806849_1_decision_current
phase9_frontend_v1,2026-27,6,player_code_210156,Awoniyi,team_coventry_city,FWD,54,1,NEW (H),NEW,Newcastle,team_newcastle,H,2026-10-12 19:00:00+00:00,0.0,0.0,0.0,0.0,0.0,0.0,0.0,0.0,0.0,0.0,0.0,s,Suspended until 19 Oct,False,False,transferred_player,X2_TEAM_CONSTRAINED_SIM_M7,2026-10-09T18:35:51.573649Z,official_2026-27_37972806849_1_team_current,official_2026-27_37972806849_1_minutes_current,official_2026-27_37972806849_1_xpoints_current,official_2026-27_37972806849_1_decision_current
phase9_frontend_v1,2026-27,6,player_code_210462,I.Sangaré,team_nottingham_forest,MID,48,1,CRY (A),CRY,Crystal Palace,team_crystal_palace,A,2026-10-11 13:00:00+00:00,1.28659410054733,2.3192016541017253,1.6215168084235205,0.0,1.0,3.0,37.77713063661841,0.5547573227502093,0.32189540746531176,0.0494,0.0017,a,,False,False,returning_player,X2_TEAM_CONSTRAINED_SIM_M7,2026-10-09T18:35:51.573649Z,official_2026-27_37972806849_1_team_current,official_2026-27_37972806849_1_minutes_current,official_2026-27_37972806849_1_xpoints_current,official_2026-27_37972806849_1_decision_current
phase9_frontend_v1,2026-27,6,player_code_21205,Heaton,team_manchester_united,GKP,40,1,TOT (H),TOT,Spurs,team_tottenham_hotspur,H,2026-10-10 16:30:00+00:00,0.00835071672268394,3.305454909885503,0.2423345621243491,0.0,0.0,0.0,0.1914838200914023,0.002526344164523242,0.002067008861882673,0.0006,0.0001,i,Hamstring injury - Unknown return date,False,False,returning_player,X2_TEAM_CONSTRAINED_SIM_M7,2026-10-09T18:35:51.573649Z,official_2026-27_37972806849_1_team_current,official_2026-27_37972806849_1_minutes_current,official_2026-27_37972806849_1_xpoints_current,official_2026-27_37972806849_1_decision_current
phase9_frontend_v1,2026-27,6,player_code_212314,Lukić,team_ipswich,MID,49,1,FUL (H),FUL,Fulham,team_fulham,H,2026-10-10 14:00:00+00:00,1.763472830778277,2.2369636634290377,1.62591443501803,0.0,2.0,3.0,58.78217451622178,0.7883332481472016,0.6460996677740865,0.0731,0.0031,a,,False,False,transferred_player,X2_TEAM_CONSTRAINED_SIM_M7,2026-10-09T18:35:51.573649Z,official_2026-27_37972806849_1_team_current,official_2026-27_37972806849_1_minutes_current,official_2026-27_37972806849_1_xpoints_current,official_2026-27_37972806849_1_decision_current
phase9_frontend_v1,2026-27,6,player_code_214225,Rodon,team_leeds,DEF,43,1,ARS (A),ARS,Arsenal,team_arsenal,A,2026-10-10 11:30:00+00:00,0.3620701711437035,2.191943684972337,1.147821933054078,0.0,0.0,1.0,12.826068188808204,0.16518224150830452,0.1289176537483166,0.0245,0.0005,i,Hamstring injury - Expected back 21 Nov,False,False,returning_player,X2_TEAM_CONSTRAINED_SIM_M7,2026-10-09T18:35:51.573649Z,official_2026-27_37972806849_1_team_current,official_2026-27_37972806849_1_minutes_current,official_2026-27_37972806849_1_xpoints_current,official_2026-27_37972806849_1_decision_current
phase9_frontend_v1,2026-27,6,player_code_214285,Tsimikas,team_liverpool,DEF,49,1,MCI (H),MCI,Man City,team_manchester_city,H,2026-10-11 15:30:00+00:00,0.8925526042698592,2.543988331022934,1.8745037850055146,0.0,0.0,3.0,23.245288023608644,0.35084775876741736,0.1786510891793367,0.0795,0.0029,a,,False,False,returning_player,X2_TEAM_CONSTRAINED_SIM_M7,2026-10-09T18:35:51.573649Z,official_2026-27_37972806849_1_team_current,official_2026-27_37972806849_1_minutes_current,official_2026-27_37972806849_1_xpoints_current,official_2026-27_37972806849_1_decision_current
phase9_frontend_v1,2026-27,6,player_code_214572,Austin,team_tottenham_hotspur,GKP,40,1,MUN (A),MUN,Man Utd,team_manchester_united,A,2026-10-10 16:30:00+00:00,0.02680278015363568,2.621391500154036,0.34469696836496844,0.0,0.0,0.0,0.8463798078123097,0.01022463838463683,0.009065402715846932,0.0016,0.0,a,,False,False,returning_player,X2_TEAM_CONSTRAINED_SIM_M7,2026-10-09T18:35:51.573649Z,official_2026-27_37972806849_1_team_current,official_2026-27_37972806849_1_minutes_current,official_2026-27_37972806849_1_xpoints_current,official_2026-27_37972806849_1_decision_current
phase9_frontend_v1,2026-27,6,player_code_214590,Wan-Bissaka,team_aston_villa,DEF,45,1,BRE (H),BRE,Brentford,team_brentford,H,2026-10-10 14:00:00+00:00,2.16710142759804,2.9726442504841435,2.5261670075432465,0.0,1.0,6.0,56.86550221090518,0.7290147239263803,0.5769026584867075,0.207,0.011,a,,False,False,transferred_player,X2_TEAM_CONSTRAINED_SIM_M7,2026-10-09T18:35:51.573649Z,official_2026-27_37972806849_1_team_current,official_2026-27_37972806849_1_minutes_current,official_2026-27_37972806849_1_xpoints_current,official_2026-27_37972806849_1_decision_current
phase9_frontend_v1,2026-27,6,player_code_215136,N.Williams,team_nottingham_forest,DEF,50,1,CRY (A),CRY,Crystal Palace,team_crystal_palace,A,2026-10-11 13:00:00+00:00,0.7935102212824665,2.8854917137544236,1.822883624919594,0.0,0.0,2.0,21.175285805944327,0.275,0.22500000000000003,0.078,0.003,d,Illness - 50% chance of playing,False,False,returning_player,X2_TEAM_CONSTRAINED_SIM_M7,2026-10-09T18:35:51.573649Z,official_2026-27_37972806849_1_team_current,official_2026-27_37972806849_1_minutes_current,official_2026-27_37972806849_1_xpoints_current,official_2026-27_37972806849_1_decision_current
phase9_frontend_v1,2026-27,6,player_code_215379,Anderson,team_manchester_city,MID,63,1,LIV (A),LIV,Liverpool,team_liverpool,A,2026-10-11 15:30:00+00:00,2.3660669106721164,2.822451022071572,1.972228280397581,0.0,2.0,5.0,62.28626000164611,0.8383022033578151,0.6788444316047957,0.1281,0.0071,a,,False,False,transferred_player,X2_TEAM_CONSTRAINED_SIM_M7,2026-10-09T18:35:51.573649Z,official_2026-27_37972806849_1_team_current,official_2026-27_37972806849_1_minutes_current,official_2026-27_37972806849_1_xpoints_current,official_2026-27_37972806849_1_decision_current
phase9_frontend_v1,2026-27,6,player_code_215413,Dewsbury-Hall,team_everton,MID,66,1,HUL (A),HUL,Hull City,team_hull_city,A,2026-10-11 13:00:00+00:00,2.3861757408909106,3.143516461471007,2.2943377061801518,0.0,2.0,6.0,55.76861722300758,0.7590784938260832,0.591332955190017,0.1309,0.0108,a,,False,False,returning_player,X2_TEAM_CONSTRAINED_SIM_M7,2026-10-09T18:35:51.573649Z,official_2026-27_37972806849_1_team_current,official_2026-27_37972806849_1_minutes_current,official_2026-27_37972806849_1_xpoints_current,official_2026-27_37972806849_1_decision_current
phase9_frontend_v1,2026-27,6,player_code_216051,Dalot,team_manchester_united,DEF,49,1,TOT (H),TOT,Spurs,team_tottenham_hotspur,H,2026-10-10 16:30:00+00:00,3.0284899123410023,3.411932751773478,2.8145754049234495,0.0,2.0,7.0,70.53681957351203,0.8876171169454712,0.7422527454940365,0.314,0.024,a,,False,False,returning_player,X2_TEAM_CONSTRAINED_SIM_M7,2026-10-09T18:35:51.573649Z,official_2026-27_37972806849_1_team_current,official_2026-27_37972806849_1_minutes_current,official_2026-27_37972806849_1_xpoints_current,official_2026-27_37972806849_1_decision_current
phase9_frontend_v1,2026-27,6,player_code_216055,Florentino,team_ipswich,MID,48,1,FUL (H),FUL,Fulham,team_fulham,H,2026-10-10 14:00:00+00:00,1.7268698627608337,2.438101742956327,1.693456580488558,0.0,2.0,4.0,48.705344343002764,0.7082845774380657,0.42849894291754753,0.0707,0.0016,a,,False,False,transferred_player,X2_TEAM_CONSTRAINED_SIM_M7,2026-10-09T18:35:51.573649Z,official_2026-27_37972806849_1_team_current,official_2026-27_37972806849_1_minutes_current,official_2026-27_37972806849_1_xpoints_current,official_2026-27_37972806849_1_decision_current
phase9_frontend_v1,2026-27,6,player_code_216094,Frimpong,team_liverpool,DEF,53,1,MCI (H),MCI,Man City,team_manchester_city,H,2026-10-11 15:30:00+00:00,1.3379746998247746,2.4861464862449485,2.1656536288150976,0.0,0.0,5.0,36.65871888434853,0.5381721098203021,0.31031259626680585,0.1182,0.0045,a,,False,False,returning_player,X2_TEAM_CONSTRAINED_SIM_M7,2026-10-09T18:35:51.573649Z,official_2026-27_37972806849_1_team_current,official_2026-27_37972806849_1_minutes_current,official_2026-27_37972806849_1_xpoints_current,official_2026-27_37972806849_1_decision_current
phase9_frontend_v1,2026-27,6,player_code_216616,O'Shea,team_ipswich,DEF,40,1,FUL (H),FUL,Fulham,team_fulham,H,2026-10-10 14:00:00+00:00,2.2009214462458675,2.3679210518403027,2.400171908426561,0.0,1.0,6.0,78.44280748919884,0.9294741666050707,0.9176276147534925,0.2025,0.0087,a,,False,False,returning_player,X2_TEAM_CONSTRAINED_SIM_M7,2026-10-09T18:35:51.573649Z,official_2026-27_37972806849_1_team_current,official_2026-27_37972806849_1_minutes_current,official_2026-27_37972806849_1_xpoints_current,official_2026-27_37972806849_1_decision_current
phase9_frontend_v1,2026-27,6,player_code_216646,Wissa,team_newcastle,FWD,62,1,COV (A),COV,Coventry City,team_coventry_city,A,2026-10-12 19:00:00+00:00,3.4290957945906726,3.923600013819968,2.7640701872419955,0.0,3.0,7.0,63.414322316942496,0.873966709785014,0.6514187361691666,0.3012,0.0411,a,,False,False,returning_player,X2_TEAM_CONSTRAINED_SIM_M7,2026-10-09T18:35:51.573649Z,official_2026-27_37972806849_1_team_current,official_2026-27_37972806849_1_minutes_current,official_2026-27_37972806849_1_xpoints_current,official_2026-27_37972806849_1_decision_current
phase9_frontend_v1,2026-27,6,player_code_218543,Palacios,team_ipswich,MID,50,1,FUL (H),FUL,Fulham,team_fulham,H,2026-10-10 14:00:00+00:00,2.3810594002731826,2.7957302066378746,2.0307285367571906,0.0,2.0,5.0,62.60408412714898,0.8516771019677996,0.6646656976744187,0.1282,0.0088,a,,False,False,current_season_history_only,X2_TEAM_CONSTRAINED_SIM_M7,2026-10-09T18:35:51.573649Z,official_2026-27_37972806849_1_team_current,official_2026-27_37972806849_1_minutes_current,official_2026-27_37972806849_1_xpoints_current,official_2026-27_37972806849_1_decision_current
phase9_frontend_v1,2026-27,6,player_code_218997,Simms,team_coventry_city,FWD,49,1,NEW (H),NEW,Newcastle,team_newcastle,H,2026-10-12 19:00:00+00:00,1.0311649074221414,3.014984489528729,1.8858050694597255,0.0,0.0,3.0,19.505288716220406,0.342013337383146,0.07931789004758528,0.0792,0.0061,a,,False,False,transferred_player,X2_TEAM_CONSTRAINED_SIM_M7,2026-10-09T18:35:51.573649Z,official_2026-27_37972806849_1_team_current,official_2026-27_37972806849_1_minutes_current,official_2026-27_37972806849_1_xpoints_current,official_2026-27_37972806849_1_decision_current
phase9_frontend_v1,2026-27,6,player_code_219168,Isak,team_liverpool,FWD,91,1,MCI (H),MCI,Man City,team_manchester_city,H,2026-10-11 15:30:00+00:00,2.094280325799931,4.9660451780439,3.112885214716405,0.0,0.0,7.0,30.43373266170105,0.4217199503257152,0.3086157432623805,0.1858,0.0449,i,Thigh injury - Unknown return date,False,False,returning_player,X2_TEAM_CONSTRAINED_SIM_M7,2026-10-09T18:35:51.573649Z,official_2026-27_37972806849_1_team_current,official_2026-27_37972806849_1_minutes_current,official_2026-27_37972806849_1_xpoints_current,official_2026-27_37972806849_1_decision_current
phase9_frontend_v1,2026-27,6,player_code_219249,O'Riley,team_brighton,MID,54,1,SUN (A),SUN,Sunderland,team_sunderland,A,2026-10-10 14:00:00+00:00,1.2256807068650741,3.0212740667253715,2.0353015280296924,0.0,0.0,3.0,24.257295891384214,0.40568339044909507,0.12305968058279632,0.0765,0.0069,a,,False,False,returning_player,X2_TEAM_CONSTRAINED_SIM_M7,2026-10-09T18:35:51.573649Z,official_2026-27_37972806849_1_team_current,official_2026-27_37972806849_1_minutes_current,official_2026-27_37972806849_1_xpoints_current,official_2026-27_37972806849_1_decision_current
phase9_frontend_v1,2026-27,6,player_code_219847,Havertz,team_arsenal,FWD,76,1,LEE (H),LEE,Leeds,team_leeds,H,2026-10-10 11:30:00+00:00,1.5063096361682842,3.6516597240443245,2.43243417177115,0.0,0.0,6.0,29.51498417216629,0.4125000000000001,0.29313843127612504,0.1313,0.0173,d,Hamstring injury - 75% chance of playing,False,False,returning_player,X2_TEAM_CONSTRAINED_SIM_M7,2026-10-09T18:35:51.573649Z,official_2026-27_37972806849_1_team_current,official_2026-27_37972806849_1_minutes_current,official_2026-27_37972806849_1_xpoints_current,official_2026-27_37972806849_1_decision_current
phase9_frontend_v1,2026-27,6,player_code_219924,Diop,team_ipswich,DEF,40,1,FUL (H),FUL,Fulham,team_fulham,H,2026-10-10 14:00:00+00:00,1.4526365097023295,2.2175268712517187,2.031815936545434,0.0,1.0,6.0,51.0199197548966,0.6550705330945394,0.555050261021987,0.1197,0.0019,a,,False,False,transferred_player,X2_TEAM_CONSTRAINED_SIM_M7,2026-10-09T18:35:51.573649Z,official_2026-27_37972806849_1_team_current,official_2026-27_37972806849_1_minutes_current,official_2026-27_37972806849_1_xpoints_current,official_2026-27_37972806849_1_decision_current
phase9_frontend_v1,2026-27,6,player_code_220237,Botman,team_newcastle,DEF,50,1,COV (A),COV,Coventry City,team_coventry_city,A,2026-10-12 19:00:00+00:00,2.2831156688825933,3.283551482945485,2.639724765955724,0.0,1.0,6.0,55.99906124216256,0.6953189802995084,0.6042428076058376,0.2401,0.0105,a,,False,False,returning_player,X2_TEAM_CONSTRAINED_SIM_M7,2026-10-09T18:35:51.573649Z,official_2026-27_37972806849_1_team_current,official_2026-27_37972806849_1_minutes_current,official_2026-27_37972806849_1_xpoints_current,official_2026-27_37972806849_1_decision_current
phase9_frontend_v1,2026-27,6,player_code_220362,Disasi,team_crystal_palace,DEF,45,1,NFO (H),NFO,Nott'm Forest,team_nottingham_forest,H,2026-10-11 13:00:00+00:00,0.0,0.0,0.0,0.0,0.0,0.0,0.0,0.0,0.0,0.0,0.0,s,Suspended until 25 Oct,False,False,transferred_player,X2_TEAM_CONSTRAINED_SIM_M7,2026-10-09T18:35:51.573649Z,official_2026-27_37972806849_1_team_current,official_2026-27_37972806849_1_minutes_current,official_2026-27_37972806849_1_xpoints_current,official_2026-27_37972806849_1_decision_current
phase9_frontend_v1,2026-27,6,player_code_220583,Woolfenden,team_coventry_city,DEF,39,1,NEW (H),NEW,Newcastle,team_newcastle,H,2026-10-12 19:00:00+00:00,0.36104030733679826,2.0391212571180173,1.158154182309074,0.0,0.0,1.0,12.276968837710985,0.17705681115161975,0.09309343427750943,0.03,0.0004,i,Knee injury - Unknown return date,False,False,transferred_player,X2_TEAM_CONSTRAINED_SIM_M7,2026-10-09T18:35:51.573649Z,official_2026-27_37972806849_1_team_current,official_2026-27_37972806849_1_minutes_current,official_2026-27_37972806849_1_xpoints_current,official_2026-27_37972806849_1_decision_current
phase9_frontend_v1,2026-27,6,player_code_220627,Justin,team_leeds,DEF,45,1,ARS (A),ARS,Arsenal,team_arsenal,A,2026-10-10 11:30:00+00:00,1.7119199520265012,2.1643527475541675,2.104703066943173,0.0,1.0,6.0,60.86924525336182,0.7909616184150484,0.6459759671449576,0.1298,0.0042,a,,False,False,returning_player,X2_TEAM_CONSTRAINED_SIM_M7,2026-10-09T18:35:51.573649Z,official_2026-27_37972806849_1_team_current,official_2026-27_37972806849_1_minutes_current,official_2026-27_37972806849_1_xpoints_current,official_2026-27_37972806849_1_decision_current
phase9_frontend_v1,2026-27,6,player_code_221389,John,team_nottingham_forest,GKP,45,1,CRY (A),CRY,Crystal Palace,team_crystal_palace,A,2026-10-11 13:00:00+00:00,0.3679055066526987,3.0311303908097327,1.2568196012157036,0.0,0.0,1.0,9.66683590473507,0.12137567811934902,0.098625678119349,0.03,0.0006,a,,False,False,returning_player,X2_TEAM_CONSTRAINED_SIM_M7,2026-10-09T18:35:51.573649Z,official_2026-27_37972806849_1_team_current,official_2026-27_37972806849_1_minutes_current,official_2026-27_37972806849_1_xpoints_current,official_2026-27_37972806849_1_decision_current
phase9_frontend_v1,2026-27,6,player_code_221466,Senesi,team_tottenham_hotspur,DEF,58,1,MUN (A),MUN,Man Utd,team_manchester_united,A,2026-10-10 16:30:00+00:00,1.2785242024626913,2.2378632107991003,2.142710374735699,0.0,0.0,5.0,45.316794816589855,0.5713147239263804,0.4751693251533742,0.1118,0.0057,a,,False,False,transferred_player,X2_TEAM_CONSTRAINED_SIM_M7,2026-10-09T18:35:51.573649Z,official_2026-27_37972806849_1_team_current,official_2026-27_37972806849_1_minutes_current,official_2026-27_37972806849_1_xpoints_current,official_2026-27_37972806849_1_decision_current
phase9_frontend_v1,2026-27,6,player_code_221820,Martinez,team_manchester_united,DEF,49,1,TOT (H),TOT,Spurs,team_tottenham_hotspur,H,2026-10-10 16:30:00+00:00,1.752588856825904,2.874385560333462,2.480256113791477,0.0,1.0,6.0,47.00704447589502,0.6097264337156576,0.5007620622642228,0.186,0.0077,a,,False,False,returning_player,X2_TEAM_CONSTRAINED_SIM_M7,2026-10-09T18:35:51.573649Z,official_2026-27_37972806849_1_team_current,official_2026-27_37972806849_1_minutes_current,official_2026-27_37972806849_1_xpoints_current,official_2026-27_37972806849_1_decision_current
phase9_frontend_v1,2026-27,6,player_code_222531,Gibbs-White,team_nottingham_forest,MID,80,1,CRY (A),CRY,Crystal Palace,team_crystal_palace,A,2026-10-11 13:00:00+00:00,3.802064008475769,3.9644166010392223,2.713871743469098,1.0,3.0,8.0,75.94272097817642,0.9590475449727219,0.8756146179401992,0.284,0.0404,a,,False,False,returning_player,X2_TEAM_CONSTRAINED_SIM_M7,2026-10-09T18:35:51.573649Z,official_2026-27_37972806849_1_team_current,official_2026-27_37972806849_1_minutes_current,official_2026-27_37972806849_1_xpoints_current,official_2026-27_37972806849_1_decision_current
phase9_frontend_v1,2026-27,6,player_code_222683,Kluivert,team_bournemouth,MID,60,1,CHE (A),CHE,Chelsea,team_chelsea,A,2026-10-10 14:00:00+00:00,1.4836220110158478,3.6036340740917603,2.5333351614028494,0.0,0.0,6.0,29.14125846913805,0.41170162688889866,0.2798003176403857,0.1172,0.0177,i,Unspecified injury - Unknown return date,False,False,returning_player,X2_TEAM_CONSTRAINED_SIM_M7,2026-10-09T18:35:51.573649Z,official_2026-27_37972806849_1_team_current,official_2026-27_37972806849_1_minutes_current,official_2026-27_37972806849_1_xpoints_current,official_2026-27_37972806849_1_decision_current
phase9_frontend_v1,2026-27,6,player_code_222694,Struijk,team_brighton,DEF,49,1,SUN (A),SUN,Sunderland,team_sunderland,A,2026-10-10 14:00:00+00:00,1.1612152538207654,2.6995333592570954,2.076916859192972,0.0,0.0,5.0,29.618077212880213,0.430154067123782,0.21977872248285812,0.1171,0.0038,d,Hamstring injury - 75% chance of playing,False,False,transferred_player,X2_TEAM_CONSTRAINED_SIM_M7,2026-10-09T18:35:51.573649Z,official_2026-27_37972806849_1_team_current,official_2026-27_37972806849_1_minutes_current,official_2026-27_37972806849_1_xpoints_current,official_2026-27_37972806849_1_decision_current
phase9_frontend_v1,2026-27,6,player_code_223094,Haaland,team_manchester_city,FWD,156,1,LIV (A),LIV,Liverpool,team_liverpool,A,2026-10-11 15:30:00+00:00,5.4751036216659426,6.07805245511782,3.780143018458429,1.0,3.0,11.0,71.73814440007142,0.90079900792166,0.8258286740573653,0.4907,0.163,a,,False,False,returning_player,X2_TEAM_CONSTRAINED_SIM_M7,2026-10-09T18:35:51.573649Z,official_2026-27_37972806849_1_team_current,official_2026-27_37972806849_1_minutes_current,official_2026-27_37972806849_1_xpoints_current,official_2026-27_37972806849_1_decision_current
phase9_frontend_v1,2026-27,6,player_code_223340,Saka,team_arsenal,MID,96,1,LEE (H),LEE,Leeds,team_leeds,H,2026-10-10 11:30:00+00:00,4.747522138377259,5.349352363706161,3.6040049722496224,0.0,4.0,9.0,69.17633610320271,0.887494749941666,0.7727574750830567,0.3937,0.0934,a,,False,False,returning_player,X2_TEAM_CONSTRAINED_SIM_M7,2026-10-09T18:35:51.573649Z,official_2026-27_37972806849_1_team_current,official_2026-27_37972806849_1_minutes_current,official_2026-27_37972806849_1_xpoints_current,official_2026-27_37972806849_1_decision_current
phase9_frontend_v1,2026-27,6,player_code_223541,Chiesa,team_liverpool,MID,53,1,MCI (H),MCI,Man City,team_manchester_city,H,2026-10-11 15:30:00+00:00,0.3811339706909919,2.7718834232072105,1.2703152207227937,0.0,0.0,2.0,7.509521872039286,0.13750000000000018,0.012437097226113757,0.0254,0.0023,d,Back injury - 25% chance of playing,False,False,returning_player,X2_TEAM_CONSTRAINED_SIM_M7,2026-10-09T18:35:51.573649Z,official_2026-27_37972806849_1_team_current,official_2026-27_37972806849_1_minutes_current,official_2026-27_37972806849_1_xpoints_current,official_2026-27_37972806849_1_decision_current
phase9_frontend_v1,2026-27,6,player_code_223723,Tomiyasu,team_crystal_palace,DEF,44,1,NFO (H),NFO,Nott'm Forest,team_nottingham_forest,H,2026-10-11 13:00:00+00:00,0.7682846540724512,2.777900978141296,1.8360970671508632,0.0,0.0,2.0,16.872676001432257,0.27657020898797957,0.08830058057758493,0.0745,0.0036,i,Calf injury - Expected back 18 Oct,False,False,transferred_player,X2_TEAM_CONSTRAINED_SIM_M7,2026-10-09T18:35:51.573649Z,official_2026-27_37972806849_1_team_current,official_2026-27_37972806849_1_minutes_current,official_2026-27_37972806849_1_xpoints_current,official_2026-27_37972806849_1_decision_current
phase9_frontend_v1,2026-27,6,player_code_223827,Ballard,team_sunderland,DEF,49,1,BHA (H),BHA,Brighton,team_brighton,H,2026-10-10 14:00:00+00:00,1.4061789133909661,3.0822162605053958,2.354792891105288,0.0,0.0,5.0,34.00778946163581,0.45622331288343565,0.33628492363921164,0.1165,0.0087,i,Hamstring injury - Unknown return date,False,False,returning_player,X2_TEAM_CONSTRAINED_SIM_M7,2026-10-09T18:35:51.573649Z,official_2026-27_37972806849_1_team_current,official_2026-27_37972806849_1_minutes_current,official_2026-27_37972806849_1_xpoints_current,official_2026-27_37972806849_1_decision_current
phase9_frontend_v1,2026-27,6,player_code_224117,Gyökeres,team_arsenal,FWD,71,1,LEE (H),LEE,Leeds,team_leeds,H,2026-10-10 11:30:00+00:00,2.7611900087081525,3.690915328866722,2.803073962634593,0.0,2.0,7.0,49.00745282749931,0.748104403022424,0.41443439411139993,0.2435,0.0365,a,,False,False,returning_player,X2_TEAM_CONSTRAINED_SIM_M7,2026-10-09T18:35:51.573649Z,official_2026-27_37972806849_1_team_current,official_2026-27_37972806849_1_minutes_current,official_2026-27_37972806849_1_xpoints_current,official_2026-27_37972806849_1_decision_current
phase9_frontend_v1,2026-27,6,player_code_224967,Mykolenko,team_everton,DEF,46,1,HUL (A),HUL,Hull City,team_hull_city,A,2026-10-11 13:00:00+00:00,1.185076516463429,2.8729127671840695,2.043680748062182,0.0,0.0,6.0,32.537491208916485,0.4125000000000001,0.33749999999999997,0.115,0.0023,d,Leg injury - 75% chance of playing,False,False,returning_player,X2_TEAM_CONSTRAINED_SIM_M7,2026-10-09T18:35:51.573649Z,official_2026-27_37972806849_1_team_current,official_2026-27_37972806849_1_minutes_current,official_2026-27_37972806849_1_xpoints_current,official_2026-27_37972806849_1_decision_current
phase9_frontend_v1,2026-27,6,player_code_225796,James,team_chelsea,DEF,53,1,BOU (H),BOU,Bournemouth,team_bournemouth,H,2026-10-10 14:00:00+00:00,1.82454329201378,3.211570100674021,2.6831094722355253,0.0,1.0,6.0,41.65564800460037,0.5681156676701088,0.39591899808202835,0.1786,0.016,a,,False,False,returning_player,X2_TEAM_CONSTRAINED_SIM_M7,2026-10-09T18:35:51.573649Z,official_2026-27_37972806849_1_team_current,official_2026-27_37972806849_1_minutes_current,official_2026-27_37972806849_1_xpoints_current,official_2026-27_37972806849_1_decision_current
phase9_frontend_v1,2026-27,6,player_code_226182,Bogle,team_leeds,DEF,46,1,ARS (A),ARS,Arsenal,team_arsenal,A,2026-10-10 11:30:00+00:00,1.9460690071549493,2.1287301900225786,2.3041896080835014,0.0,1.0,6.0,76.32677936724826,0.9141924215084807,0.877212847347528,0.1688,0.0068,a,,False,False,returning_player,X2_TEAM_CONSTRAINED_SIM_M7,2026-10-09T18:35:51.573649Z,official_2026-27_37972806849_1_team_current,official_2026-27_37972806849_1_minutes_current,official_2026-27_37972806849_1_xpoints_current,official_2026-27_37972806849_1_decision_current
phase9_frontend_v1,2026-27,6,player_code_226597,Gabriel,team_arsenal,DEF,80,1,LEE (H),LEE,Leeds,team_leeds,H,2026-10-10 11:30:00+00:00,3.9680755611019984,4.360631057443591,3.0571064603641136,0.0,3.0,7.0,74.64208417590083,0.9099773653926762,0.8323173417673285,0.4536,0.0389,a,,False,False,returning_player,X2_TEAM_CONSTRAINED_SIM_M7,2026-10-09T18:35:51.573649Z,official_2026-27_37972806849_1_team_current,official_2026-27_37972806849_1_minutes_current,official_2026-27_37972806849_1_xpoints_current,official_2026-27_37972806849_1_decision_current
phase9_frontend_v1,2026-27,6,player_code_226944,Kamara,team_aston_villa,MID,50,1,BRE (H),BRE,Brentford,team_brentford,H,2026-10-10 14:00:00+00:00,1.7612809586758909,2.5013195899238636,1.7772964834264429,0.0,2.0,4.0,53.80387978639259,0.7041407126745853,0.6251798353315037,0.0762,0.0037,a,,False,False,returning_player,X2_TEAM_CONSTRAINED_SIM_M7,2026-10-09T18:35:51.573649Z,official_2026-27_37972806849_1_team_current,official_2026-27_37972806849_1_minutes_current,official_2026-27_37972806849_1_xpoints_current,official_2026-27_37972806849_1_decision_current
phase9_frontend_v1,2026-27,6,player_code_226965,Torp,team_coventry_city,MID,53,1,NEW (H),NEW,Newcastle,team_newcastle,H,2026-10-12 19:00:00+00:00,1.3882052027029437,2.649574218469053,1.9517422345176627,0.0,1.0,3.0,29.22493155970158,0.5239352017491553,0.07248062015503877,0.0762,0.0055,a,,False,False,current_season_history_only,X2_TEAM_CONSTRAINED_SIM_M7,2026-10-09T18:35:51.573649Z,official_2026-27_37972806849_1_team_current,official_2026-27_37972806849_1_minutes_current,official_2026-27_37972806849_1_xpoints_current,official_2026-27_37972806849_1_decision_current
phase9_frontend_v1,2026-27,6,player_code_227444,Milenković,team_nottingham_forest,DEF,54,1,CRY (A),CRY,Crystal Palace,team_crystal_palace,A,2026-10-11 13:00:00+00:00,1.2784222844020885,2.8401392820433466,2.2485759382329076,0.0,0.0,6.0,35.33560060021075,0.4501266161433899,0.36307989895344633,0.1303,0.0083,i,Knee injury - Unknown return date,False,False,returning_player,X2_TEAM_CONSTRAINED_SIM_M7,2026-10-09T18:35:51.573649Z,official_2026-27_37972806849_1_team_current,official_2026-27_37972806849_1_minutes_current,official_2026-27_37972806849_1_xpoints_current,official_2026-27_37972806849_1_decision_current
phase9_frontend_v1,2026-27,6,player_code_229600,Travers,team_everton,GKP,50,1,HUL (A),HUL,Hull City,team_hull_city,A,2026-10-11 13:00:00+00:00,0.37611422943341966,3.061564277673351,1.2850515904040583,0.0,0.0,1.0,8.403549663618586,0.12285034554925278,0.06720204867857985,0.0305,0.0001,a,,False,False,returning_player,X2_TEAM_CONSTRAINED_SIM_M7,2026-10-09T18:35:51.573649Z,official_2026-27_37972806849_1_team_current,official_2026-27_37972806849_1_minutes_current,official_2026-27_37972806849_1_xpoints_current,official_2026-27_37972806849_1_decision_current
phase9_frontend_v1,2026-27,6,player_code_230001,Mazraoui,team_manchester_united,DEF,44,1,TOT (H),TOT,Spurs,team_tottenham_hotspur,H,2026-10-10 16:30:00+00:00,0.9917649715265784,2.707759162902518,1.902285885454655,0.0,0.0,4.0,25.102680031597018,0.3662677926139781,0.1974551930710935,0.0973,0.0019,d,Back injury - 75% chance of playing,False,False,returning_player,X2_TEAM_CONSTRAINED_SIM_M7,2026-10-09T18:35:51.573649Z,official_2026-27_37972806849_1_team_current,official_2026-27_37972806849_1_minutes_current,official_2026-27_37972806849_1_xpoints_current,official_2026-27_37972806849_1_decision_current
phase9_frontend_v1,2026-27,6,player_code_230650,Di Gregorio,team_bournemouth,GKP,45,1,CHE (A),CHE,Chelsea,team_chelsea,A,2026-10-10 14:00:00+00:00,0.2020094722158148,2.860723127665699,0.950651797452674,0.0,0.0,0.0,5.8315259039254865,0.07061482820976495,0.07061482820976492,0.0132,0.0006,a,,False,False,current_season_history_only,X2_TEAM_CONSTRAINED_SIM_M7,2026-10-09T18:35:51.573649Z,official_2026-27_37972806849_1_team_current,official_2026-27_37972806849_1_minutes_current,official_2026-27_37972806849_1_xpoints_current,official_2026-27_37972806849_1_decision_current
phase9_frontend_v1,2026-27,6,player_code_230730,Thomas-Asante,team_coventry_city,FWD,50,1,NEW (H),NEW,Newcastle,team_newcastle,H,2026-10-12 19:00:00+00:00,2.664241414678669,3.0742603842693,2.2288676587002647,0.0,2.0,6.0,53.50763122907239,0.8666284184356473,0.35609399502773,0.1977,0.0156,a,,False,False,current_season_history_only,X2_TEAM_CONSTRAINED_SIM_M7,2026-10-09T18:35:51.573649Z,official_2026-27_37972806849_1_team_current,official_2026-27_37972806849_1_minutes_current,official_2026-27_37972806849_1_xpoints_current,official_2026-27_37972806849_1_decision_current
phase9_frontend_v1,2026-27,6,player_code_231065,Pinnock,team_coventry_city,DEF,45,1,NEW (H),NEW,Newcastle,team_newcastle,H,2026-10-12 19:00:00+00:00,1.6193530768440703,2.491408705749387,2.4148358039419575,0.0,1.0,6.0,52.57076004437501,0.6499748809206265,0.5716912548108066,0.1506,0.0097,a,,False,False,transferred_player,X2_TEAM_CONSTRAINED_SIM_M7,2026-10-09T18:35:51.573649Z,official_2026-27_37972806849_1_team_current,official_2026-27_37972806849_1_minutes_current,official_2026-27_37972806849_1_xpoints_current,official_2026-27_37972806849_1_decision_current
phase9_frontend_v1,2026-27,6,player_code_231416,F.Kadıoğlu,team_brighton,DEF,44,1,SUN (A),SUN,Sunderland,team_sunderland,A,2026-10-10 14:00:00+00:00,2.0045547881344556,3.0029343826953814,2.5634511034931013,0.0,1.0,6.0,55.37827769826953,0.6675319979303718,0.6296613496932515,0.2146,0.0104,a,,False,False,returning_player,X2_TEAM_CONSTRAINED_SIM_M7,2026-10-09T18:35:51.573649Z,official_2026-27_37972806849_1_team_current,official_2026-27_37972806849_1_minutes_current,official_2026-27_37972806849_1_xpoints_current,official_2026-27_37972806849_1_decision_current
phase9_frontend_v1,2026-27,6,player_code_231747,Mateta,team_crystal_palace,FWD,63,1,NFO (H),NFO,Nott'm Forest,team_nottingham_forest,H,2026-10-11 13:00:00+00:00,1.3184944116981439,3.7237129472408466,2.3356930427605422,0.0,0.0,5.0,23.18065712626413,0.35408057236933543,0.19559296543761553,0.1092,0.0172,i,Hamstring injury - Expected back 18 Oct,False,False,returning_player,X2_TEAM_CONSTRAINED_SIM_M7,2026-10-09T18:35:51.573649Z,official_2026-27_37972806849_1_team_current,official_2026-27_37972806849_1_minutes_current,official_2026-27_37972806849_1_xpoints_current,official_2026-27_37972806849_1_decision_current
phase9_frontend_v1,2026-27,6,player_code_231899,Taylor,team_ipswich,MID,44,1,FUL (H),FUL,Fulham,team_fulham,H,2026-10-10 14:00:00+00:00,1.4920448104607646,2.281828151236949,1.803568895274034,0.0,1.0,3.0,36.20540644226638,0.6538813230312488,0.0794458189015339,0.0688,0.0039,a,,False,False,returning_player,X2_TEAM_CONSTRAINED_SIM_M7,2026-10-09T18:35:51.573649Z,official_2026-27_37972806849_1_team_current,official_2026-27_37972806849_1_minutes_current,official_2026-27_37972806849_1_xpoints_current,official_2026-27_37972806849_1_decision_current
phase9_frontend_v1,2026-27,6,player_code_232112,Ugarte,team_manchester_united,MID,50,1,TOT (H),TOT,Spurs,team_tottenham_hotspur,H,2026-10-10 16:30:00+00:00,0.7335553720294947,2.2877779973065,1.4433514852592213,0.0,0.0,2.0,19.8038308891811,0.32064097691871374,0.12322291548496882,0.0321,0.0017,i,Knee injury - Unknown return date,False,False,returning_player,X2_TEAM_CONSTRAINED_SIM_M7,2026-10-09T18:35:51.573649Z,official_2026-27_37972806849_1_team_current,official_2026-27_37972806849_1_minutes_current,official_2026-27_37972806849_1_xpoints_current,official_2026-27_37972806849_1_decision_current
phase9_frontend_v1,2026-27,6,player_code_232185,Sarr,team_crystal_palace,MID,62,1,NFO (H),NFO,Nott'm Forest,team_nottingham_forest,H,2026-10-11 13:00:00+00:00,2.425512854152424,3.718949389497398,2.7925355342412383,0.0,2.0,7.0,46.81887188625779,0.6522037812620576,0.46745827633378934,0.1667,0.0229,a,,False,False,returning_player,X2_TEAM_CONSTRAINED_SIM_M7,2026-10-09T18:35:51.573649Z,official_2026-27_37972806849_1_team_current,official_2026-27_37972806849_1_minutes_current,official_2026-27_37972806849_1_xpoints_current,official_2026-27_37972806849_1_decision_current
phase9_frontend_v1,2026-27,6,player_code_232351,Giles,team_hull_city,DEF,40,1,EVE (H),EVE,Everton,team_everton,H,2026-10-11 13:00:00+00:00,1.8435135603120578,3.3291305900273516,2.484395940666463,0.0,1.0,6.0,41.503686834686704,0.5537522516642737,0.4562360005221251,0.2006,0.0053,a,,False,False,transferred_player,X2_TEAM_CONSTRAINED_SIM_M7,2026-10-09T18:35:51.573649Z,official_2026-27_37972806849_1_team_current,official_2026-27_37972806849_1_minutes_current,official_2026-27_37972806849_1_xpoints_current,official_2026-27_37972806849_1_decision_current
phase9_frontend_v1,2026-27,6,player_code_232413,Eze,team_arsenal,MID,62,1,LEE (H),LEE,Leeds,team_leeds,H,2026-10-10 11:30:00+00:00,3.4003088654445026,4.109769384000393,3.0181561523552753,0.0,3.0,8.0,54.87095776255924,0.8273721826538813,0.42567672974144166,0.2522,0.0389,a,,False,False,returning_player,X2_TEAM_CONSTRAINED_SIM_M7,2026-10-09T18:35:51.573649Z,official_2026-27_37972806849_1_team_current,official_2026-27_37972806849_1_minutes_current,official_2026-27_37972806849_1_xpoints_current,official_2026-27_37972806849_1_decision_current
phase9_frontend_v1,2026-27,6,player_code_232457,Mehmeti,team_ipswich,MID,48,1,FUL (H),FUL,Fulham,team_fulham,H,2026-10-10 14:00:00+00:00,0.3246664840842474,2.8833134711877246,1.166494217731061,0.0,0.0,1.0,7.66519504312129,0.11260186841582209,0.07248062015503876,0.0212,0.0014,a,,False,False,current_season_history_only,X2_TEAM_CONSTRAINED_SIM_M7,2026-10-09T18:35:51.573649Z,official_2026-27_37972806849_1_team_current,official_2026-27_37972806849_1_minutes_current,official_2026-27_37972806849_1_xpoints_current,official_2026-27_37972806849_1_decision_current
phase9_frontend_v1,2026-27,6,player_code_232653,J.Ramsey,team_newcastle,MID,48,1,COV (A),COV,Coventry City,team_coventry_city,A,2026-10-12 19:00:00+00:00,1.0464419588798213,2.9429376118093367,1.9285486771144773,0.0,0.0,3.0,21.73070097973981,0.35557735056315454,0.1271570128556984,0.0658,0.0057,i,Thigh injury - Unknown return date,False,False,returning_player,X2_TEAM_CONSTRAINED_SIM_M7,2026-10-09T18:35:51.573649Z,official_2026-27_37972806849_1_team_current,official_2026-27_37972806849_1_minutes_current,official_2026-27_37972806849_1_xpoints_current,official_2026-27_37972806849_1_decision_current
phase9_frontend_v1,2026-27,6,player_code_232787,Gallagher,team_tottenham_hotspur,MID,53,1,MUN (A),MUN,Man Utd,team_manchester_united,A,2026-10-10 16:30:00+00:00,1.7013744080620952,2.609432175789142,1.9896201622420295,0.0,2.0,4.0,46.22472980343872,0.6520094386233921,0.44585204872646733,0.088,0.0054,a,,False,False,returning_player,X2_TEAM_CONSTRAINED_SIM_M7,2026-10-09T18:35:51.573649Z,official_2026-27_37972806849_1_team_current,official_2026-27_37972806849_1_minutes_current,official_2026-27_37972806849_1_xpoints_current,official_2026-27_37972806849_1_decision_current
phase9_frontend_v1,2026-27,6,player_code_232892,Bassey,team_fulham,DEF,45,1,IPS (A),IPS,Ipswich Town,team_ipswich,A,2026-10-10 14:00:00+00:00,2.503220281810284,2.875750204449462,2.5537993636932406,0.0,2.0,6.0,72.41744796551303,0.8704581774652103,0.8273422115816251,0.2678,0.0108,a,,False,False,returning_player,X2_TEAM_CONSTRAINED_SIM_M7,2026-10-09T18:35:51.573649Z,official_2026-27_37972806849_1_team_current,official_2026-27_37972806849_1_minutes_current,official_2026-27_37972806849_1_xpoints_current,official_2026-27_37972806849_1_decision_current
phase9_frontend_v1,2026-27,6,player_code_232928,Garner,team_everton,MID,60,1,HUL (A),HUL,Hull City,team_hull_city,A,2026-10-11 13:00:00+00:00,1.9706337398780658,2.428474213521156,1.600284362230663,0.0,2.0,3.0,62.94404852615391,0.8114699052211691,0.6961090278780877,0.0672,0.0021,a,,False,False,returning_player,X2_TEAM_CONSTRAINED_SIM_M7,2026-10-09T18:35:51.573649Z,official_2026-27_37972806849_1_team_current,official_2026-27_37972806849_1_minutes_current,official_2026-27_37972806849_1_xpoints_current,official_2026-27_37972806849_1_decision_current
phase9_frontend_v1,2026-27,6,player_code_235448,Balcombe,team_brentford,GKP,40,1,AVL (A),AVL,Aston Villa,team_aston_villa,A,2026-10-10 14:00:00+00:00,0.018963853477341176,3.051531459759865,0.3246161425437743,0.0,0.0,0.0,0.5132099191231596,0.006214536447490371,0.006214536447490388,0.0018,0.0,a,,False,False,returning_player,X2_TEAM_CONSTRAINED_SIM_M7,2026-10-09T18:35:51.573649Z,official_2026-27_37972806849_1_team_current,official_2026-27_37972806849_1_minutes_current,official_2026-27_37972806849_1_xpoints_current,official_2026-27_37972806849_1_decision_current
phase9_frontend_v1,2026-27,6,player_code_240514,Scherpen,team_ipswich,GKP,45,1,FUL (H),FUL,Fulham,team_fulham,H,2026-10-10 14:00:00+00:00,0.7358335834961808,3.061376032139575,1.7312122920081177,0.0,0.0,3.0,21.050084597426196,0.2403604051809054,0.24036040518090535,0.0509,0.0016,a,,False,False,transferred_player,X2_TEAM_CONSTRAINED_SIM_M7,2026-10-09T18:35:51.573649Z,official_2026-27_37972806849_1_team_current,official_2026-27_37972806849_1_minutes_current,official_2026-27_37972806849_1_xpoints_current,official_2026-27_37972806849_1_decision_current
phase9_frontend_v1,2026-27,6,player_code_241117,Matusiwa,team_ipswich,MID,49,1,FUL (H),FUL,Fulham,team_fulham,H,2026-10-10 14:00:00+00:00,0.3246664840842474,2.8833134711877246,1.1758271811792753,0.0,0.0,1.0,7.66519504312129,0.11260186841582209,0.07248062015503876,0.0211,0.0015,a,,False,False,current_season_history_only,X2_TEAM_CONSTRAINED_SIM_M7,2026-10-09T18:35:51.573649Z,official_2026-27_37972806849_1_team_current,official_2026-27_37972806849_1_minutes_current,official_2026-27_37972806849_1_xpoints_current,official_2026-27_37972806849_1_decision_current
phase9_frontend_v1,2026-27,6,player_code_241293,Mason-Clark,team_coventry_city,MID,53,1,NEW (H),NEW,Newcastle,team_newcastle,H,2026-10-12 19:00:00+00:00,2.1816474420395777,2.9145123081340105,2.1769880018043275,0.0,2.0,5.0,56.468504396850754,0.7485463128602663,0.7084250645994832,0.1308,0.011,a,,False,False,current_season_history_only,X2_TEAM_CONSTRAINED_SIM_M7,2026-10-09T18:35:51.573649Z,official_2026-27_37972806849_1_team_current,official_2026-27_37972806849_1_minutes_current,official_2026-27_37972806849_1_xpoints_current,official_2026-27_37972806849_1_decision_current
phase9_frontend_v1,2026-27,6,player_code_242313,Mingueza,team_crystal_palace,DEF,43,1,NFO (H),NFO,Nott'm Forest,team_nottingham_forest,H,2026-10-11 13:00:00+00:00,1.0554781046037511,2.5997237718047415,1.9999477968187072,0.0,0.0,5.0,23.72707094091742,0.40599625085207913,0.09192910702113158,0.1032,0.0036,a,,False,False,current_season_history_only,X2_TEAM_CONSTRAINED_SIM_M7,2026-10-09T18:35:51.573649Z,official_2026-27_37972806849_1_team_current,official_2026-27_37972806849_1_minutes_current,official_2026-27_37972806849_1_xpoints_current,official_2026-27_37972806849_1_decision_current
phase9_frontend_v1,2026-27,6,player_code_242882,Diakité,team_bournemouth,DEF,49,1,CHE (A),CHE,Chelsea,team_chelsea,A,2026-10-10 14:00:00+00:00,0.8242104177746902,2.16568865855906,1.6739820787571174,0.0,0.0,2.0,27.528979044640323,0.3805765960482419,0.2528317452029762,0.0655,0.0019,a,,False,False,returning_player,X2_TEAM_CONSTRAINED_SIM_M7,2026-10-09T18:35:51.573649Z,official_2026-27_37972806849_1_team_current,official_2026-27_37972806849_1_minutes_current,official_2026-27_37972806849_1_xpoints_current,official_2026-27_37972806849_1_decision_current
phase9_frontend_v1,2026-27,6,player_code_242893,Gboho,team_coventry_city,MID,55,1,NEW (H),NEW,Newcastle,team_newcastle,H,2026-10-12 19:00:00+00:00,0.5026012988504057,2.9756835946059317,1.3751194529930846,0.0,0.0,2.0,11.497792564681937,0.16890280262373292,0.10872093023255817,0.0298,0.002,a,,False,False,current_season_history_only,X2_TEAM_CONSTRAINED_SIM_M7,2026-10-09T18:35:51.573649Z,official_2026-27_37972806849_1_team_current,official_2026-27_37972806849_1_minutes_current,official_2026-27_37972806849_1_xpoints_current,official_2026-27_37972806849_1_decision_current
phase9_frontend_v1,2026-27,6,player_code_242898,Johnson,team_everton,MID,59,1,HUL (A),HUL,Hull City,team_hull_city,A,2026-10-11 13:00:00+00:00,3.0961610297318227,3.305437194692944,2.379862262821107,1.0,2.0,7.0,66.07979780096497,0.936687296525517,0.6284046800520006,0.1937,0.0207,a,,False,False,transferred_player,X2_TEAM_CONSTRAINED_SIM_M7,2026-10-09T18:35:51.573649Z,official_2026-27_37972806849_1_team_current,official_2026-27_37972806849_1_minutes_current,official_2026-27_37972806849_1_xpoints_current,official_2026-27_37972806849_1_decision_current
phase9_frontend_v1,2026-27,6,player_code_243016,Mac Allister,team_liverpool,MID,54,1,MCI (H),MCI,Man City,team_manchester_city,H,2026-10-11 15:30:00+00:00,2.894534562525193,3.090182362098834,2.3226562186427846,1.0,2.0,7.0,67.61424868589367,0.936687296525517,0.6851790071741537,0.1785,0.0202,a,,False,False,returning_player,X2_TEAM_CONSTRAINED_SIM_M7,2026-10-09T18:35:51.573649Z,official_2026-27_37972806849_1_team_current,official_2026-27_37972806849_1_minutes_current,official_2026-27_37972806849_1_xpoints_current,official_2026-27_37972806849_1_decision_current
phase9_frontend_v1,2026-27,6,player_code_243298,Gakpo,team_liverpool,MID,72,1,MCI (H),MCI,Man City,team_manchester_city,H,2026-10-11 15:30:00+00:00,2.063484697187398,3.9718397373143923,2.7855743231872307,0.0,1.0,7.0,35.48420395919575,0.5195286903954106,0.30537709703287885,0.1542,0.0245,i,Ankle injury - Unknown return date,False,False,returning_player,X2_TEAM_CONSTRAINED_SIM_M7,2026-10-09T18:35:51.573649Z,official_2026-27_37972806849_1_team_current,official_2026-27_37972806849_1_minutes_current,official_2026-27_37972806849_1_xpoints_current,official_2026-27_37972806849_1_decision_current
phase9_frontend_v1,2026-27,6,player_code_243413,Slater,team_hull_city,MID,45,1,EVE (H),EVE,Everton,team_everton,H,2026-10-11 13:00:00+00:00,2.641208346483934,3.0423149921378925,2.0880664716430846,0.0,2.0,6.0,67.88333416164933,0.8681574239713774,0.8280361757105943,0.1501,0.0093,a,,False,False,current_season_history_only,X2_TEAM_CONSTRAINED_SIM_M7,2026-10-09T18:35:51.573649Z,official_2026-27_37972806849_1_team_current,official_2026-27_37972806849_1_minutes_current,official_2026-27_37972806849_1_xpoints_current,official_2026-27_37972806849_1_decision_current
phase9_frontend_v1,2026-27,6,player_code_243526,Gudmundsson,team_leeds,DEF,45,1,ARS (A),ARS,Arsenal,team_arsenal,A,2026-10-10 11:30:00+00:00,1.4980081198321664,1.940384605739926,1.9679415006549354,0.0,1.0,5.0,64.7926445696804,0.7720160814515077,0.7510955749902102,0.1102,0.0007,a,,False,False,returning_player,X2_TEAM_CONSTRAINED_SIM_M7,2026-10-09T18:35:51.573649Z,official_2026-27_37972806849_1_team_current,official_2026-27_37972806849_1_minutes_current,official_2026-27_37972806849_1_xpoints_current,official_2026-27_37972806849_1_decision_current
phase9_frontend_v1,2026-27,6,player_code_243951,Thomas,team_hull_city,MID,55,1,EVE (H),EVE,Everton,team_everton,H,2026-10-11 13:00:00+00:00,2.3223107926613995,2.7963203162396706,2.0719199212324786,0.0,2.0,5.0,51.35696670491812,0.8304881165346281,0.32176079734219276,0.1209,0.0055,a,,False,False,current_season_history_only,X2_TEAM_CONSTRAINED_SIM_M7,2026-10-09T18:35:51.573649Z,official_2026-27_37972806849_1_team_current,official_2026-27_37972806849_1_minutes_current,official_2026-27_37972806849_1_xpoints_current,official_2026-27_37972806849_1_decision_current
phase9_frontend_v1,2026-27,6,player_code_244042,Muniz,team_fulham,FWD,54,1,IPS (A),IPS,Ipswich Town,team_ipswich,A,2026-10-10 14:00:00+00:00,2.3001012833580865,3.7192211652674163,2.7528385186930233,0.0,2.0,6.0,35.856407116936964,0.6184362750024054,0.1657044504548807,0.2063,0.0295,a,,False,False,returning_player,X2_TEAM_CONSTRAINED_SIM_M7,2026-10-09T18:35:51.573649Z,official_2026-27_37972806849_1_team_current,official_2026-27_37972806849_1_minutes_current,official_2026-27_37972806849_1_xpoints_current,official_2026-27_37972806849_1_decision_current
phase9_frontend_v1,2026-27,6,player_code_244723,Mitchell,team_crystal_palace,DEF,45,1,NFO (H),NFO,Nott'm Forest,team_nottingham_forest,H,2026-10-11 13:00:00+00:00,3.061648398509023,3.147945997930395,2.6236450960448137,1.0,2.0,6.0,80.2437724483833,0.9725860610448501,0.9038701367983843,0.3164,0.0148,a,,False,False,returning_player,X2_TEAM_CONSTRAINED_SIM_M7,2026-10-09T18:35:51.573649Z,official_2026-27_37972806849_1_team_current,official_2026-27_37972806849_1_minutes_current,official_2026-27_37972806849_1_xpoints_current,official_2026-27_37972806849_1_decision_current
phase9_frontend_v1,2026-27,6,player_code_244850,Rogers,team_chelsea,MID,78,1,BOU (H),BOU,Bournemouth,team_bournemouth,H,2026-10-10 14:00:00+00:00,3.8622561531072828,4.131995488407477,2.9543124394687847,1.0,3.0,8.0,75.63633466023764,0.9347193538674082,0.9086530048353674,0.3111,0.0486,a,,False,False,transferred_player,X2_TEAM_CONSTRAINED_SIM_M7,2026-10-09T18:35:51.573649Z,official_2026-27_37972806849_1_team_current,official_2026-27_37972806849_1_minutes_current,official_2026-27_37972806849_1_xpoints_current,official_2026-27_37972806849_1_decision_current
phase9_frontend_v1,2026-27,6,player_code_244851,Palmer,team_chelsea,MID,97,1,BOU (H),BOU,Bournemouth,team_bournemouth,H,2026-10-10 14:00:00+00:00,4.249646808060549,5.265995168302488,3.7846849261200064,0.0,3.0,9.0,61.612401172323814,0.8069978555317281,0.7146208291203235,0.3499,0.0878,a,,False,False,returning_player,X2_TEAM_CONSTRAINED_SIM_M7,2026-10-09T18:35:51.573649Z,official_2026-27_37972806849_1_team_current,official_2026-27_37972806849_1_minutes_current,official_2026-27_37972806849_1_xpoints_current,official_2026-27_37972806849_1_decision_current
phase9_frontend_v1,2026-27,6,player_code_244858,Carvalho,team_brentford,MID,50,1,AVL (A),AVL,Aston Villa,team_aston_villa,A,2026-10-10 14:00:00+00:00,1.0132442344381989,3.288204276250638,2.0952283670282816,0.0,0.0,3.0,16.889712835640637,0.30814516049274976,0.030357345433919464,0.0777,0.0103,a,,False,False,returning_player,X2_TEAM_CONSTRAINED_SIM_M7,2026-10-09T18:35:51.573649Z,official_2026-27_37972806849_1_team_current,official_2026-27_37972806849_1_minutes_current,official_2026-27_37972806849_1_xpoints_current,official_2026-27_37972806849_1_decision_current
phase9_frontend_v1,2026-27,6,player_code_244860,Hackney,team_everton,MID,54,1,HUL (A),HUL,Hull City,team_hull_city,A,2026-10-11 13:00:00+00:00,2.334481707666404,2.689007365723305,1.9587107979484872,0.0,2.0,5.0,50.176891140159086,0.8681574239713774,0.19209173126614992,0.1237,0.0072,a,,False,False,current_season_history_only,X2_TEAM_CONSTRAINED_SIM_M7,2026-10-09T18:35:51.573649Z,official_2026-27_37972806849_1_team_current,official_2026-27_37972806849_1_minutes_current,official_2026-27_37972806849_1_xpoints_current,official_2026-27_37972806849_1_decision_current
phase9_frontend_v1,2026-27,6,player_code_244954,Pau,team_aston_villa,DEF,44,1,BRE (H),BRE,Brentford,team_brentford,H,2026-10-10 14:00:00+00:00,0.8986881350594248,2.707304625172382,1.8701505794988809,0.0,0.0,3.0,25.63669594173308,0.3319493959798494,0.25482692204099955,0.0847,0.0025,d,Hamstring injury - 75% chance of playing,False,False,returning_player,X2_TEAM_CONSTRAINED_SIM_M7,2026-10-09T18:35:51.573649Z,official_2026-27_37972806849_1_team_current,official_2026-27_37972806849_1_minutes_current,official_2026-27_37972806849_1_xpoints_current,official_2026-27_37972806849_1_decision_current
phase9_frontend_v1,2026-27,6,player_code_245719,Harwood-Bellis,team_aston_villa,DEF,45,1,BRE (H),BRE,Brentford,team_brentford,H,2026-10-10 14:00:00+00:00,1.572093249811271,2.5758549257075365,2.2426898046765182,0.0,1.0,6.0,50.526671545209354,0.610319018404908,0.5724687116564415,0.1595,0.0042,a,,False,False,transferred_player,X2_TEAM_CONSTRAINED_SIM_M7,2026-10-09T18:35:51.573649Z,official_2026-27_37972806849_1_team_current,official_2026-27_37972806849_1_minutes_current,official_2026-27_37972806849_1_xpoints_current,official_2026-27_37972806849_1_decision_current
phase9_frontend_v1,2026-27,6,player_code_246301,J.Cuenca,team_fulham,DEF,45,1,IPS (A),IPS,Ipswich Town,team_ipswich,A,2026-10-10 14:00:00+00:00,0.639782980057617,2.503713739083431,1.6469311794971884,0.0,0.0,2.0,18.437640167084787,0.25553359797906894,0.18467167087693978,0.0672,0.0021,a,,False,False,returning_player,X2_TEAM_CONSTRAINED_SIM_M7,2026-10-09T18:35:51.573649Z,official_2026-27_37972806849_1_team_current,official_2026-27_37972806849_1_minutes_current,official_2026-27_37972806849_1_xpoints_current,official_2026-27_37972806849_1_decision_current
phase9_frontend_v1,2026-27,6,player_code_247348,Muñoz,team_nottingham_forest,DEF,54,1,CRY (A),CRY,Crystal Palace,team_crystal_palace,A,2026-10-11 13:00:00+00:00,2.9631578713953686,3.4301430698308737,2.9063546084399268,0.0,2.0,7.0,70.69656217529892,0.8638583904727536,0.7851518825935283,0.3141,0.0256,a,,False,False,transferred_player,X2_TEAM_CONSTRAINED_SIM_M7,2026-10-09T18:35:51.573649Z,official_2026-27_37972806849_1_team_current,official_2026-27_37972806849_1_minutes_current,official_2026-27_37972806849_1_xpoints_current,official_2026-27_37972806849_1_decision_current
phase9_frontend_v1,2026-27,6,player_code_247412,Strand Larsen,team_crystal_palace,FWD,60,1,NFO (H),NFO,Nott'm Forest,team_nottingham_forest,H,2026-10-11 13:00:00+00:00,3.044628405692714,3.241861737731136,2.31996627346175,1.0,2.0,6.0,67.65738927695747,0.9391604738280854,0.6832205865478722,0.2422,0.026,a,,False,False,returning_player,X2_TEAM_CONSTRAINED_SIM_M7,2026-10-09T18:35:51.573649Z,official_2026-27_37972806849_1_team_current,official_2026-27_37972806849_1_minutes_current,official_2026-27_37972806849_1_xpoints_current,official_2026-27_37972806849_1_decision_current
phase9_frontend_v1,2026-27,6,player_code_247632,Neto,team_chelsea,MID,65,1,BOU (H),BOU,Bournemouth,team_bournemouth,H,2026-10-10 14:00:00+00:00,2.6745750998342914,3.38935796422576,2.5385631979527314,0.0,2.0,6.0,57.87800986802402,0.7891096567739642,0.6111400837787087,0.2048,0.02,a,,False,False,returning_player,X2_TEAM_CONSTRAINED_SIM_M7,2026-10-09T18:35:51.573649Z,official_2026-27_37972806849_1_team_current,official_2026-27_37972806849_1_minutes_current,official_2026-27_37972806849_1_xpoints_current,official_2026-27_37972806849_1_decision_current
phase9_frontend_v1,2026-27,6,player_code_248056,Tanaka,team_leeds,MID,49,1,ARS (A),ARS,Arsenal,team_arsenal,A,2026-10-10 11:30:00+00:00,1.9122120940132858,2.5093347365161383,1.7695508921757521,0.0,2.0,4.0,51.759766746603475,0.7620394625661325,0.4857947550717467,0.0786,0.0035,a,,False,False,returning_player,X2_TEAM_CONSTRAINED_SIM_M7,2026-10-09T18:35:51.573649Z,official_2026-27_37972806849_1_team_current,official_2026-27_37972806849_1_minutes_current,official_2026-27_37972806849_1_xpoints_current,official_2026-27_37972806849_1_decision_current
phase9_frontend_v1,2026-27,6,player_code_248857,Madueke,team_arsenal,MID,62,1,LEE (H),LEE,Leeds,team_leeds,H,2026-10-10 11:30:00+00:00,2.257992811679375,3.7634345787706716,2.73452380497958,0.0,2.0,6.0,39.42106225927462,0.599981948514952,0.3277585353785255,0.1487,0.0204,a,,False,False,returning_player,X2_TEAM_CONSTRAINED_SIM_M7,2026-10-09T18:35:51.573649Z,official_2026-27_37972806849_1_team_current,official_2026-27_37972806849_1_minutes_current,official_2026-27_37972806849_1_xpoints_current,official_2026-27_37972806849_1_decision_current
phase9_frontend_v1,2026-27,6,player_code_248875,Doku,team_manchester_city,MID,74,1,LIV (A),LIV,Liverpool,team_liverpool,A,2026-10-11 15:30:00+00:00,2.2873459984586098,3.752100091118717,2.728057360100773,0.0,2.0,6.0,39.79646064284094,0.609617532291528,0.32242936767249664,0.1923,0.0219,a,,False,False,returning_player,X2_TEAM_CONSTRAINED_SIM_M7,2026-10-09T18:35:51.573649Z,official_2026-27_37972806849_1_team_current,official_2026-27_37972806849_1_minutes_current,official_2026-27_37972806849_1_xpoints_current,official_2026-27_37972806849_1_decision_current
phase9_frontend_v1,2026-27,6,player_code_249231,Lewis-Potter,team_brentford,MID,55,1,AVL (A),AVL,Aston Villa,team_aston_villa,A,2026-10-10 14:00:00+00:00,2.309523634723863,2.8150709541455807,2.049262306294634,0.0,2.0,5.0,60.13999346779844,0.8204140046000511,0.6341239347103858,0.1356,0.0083,a,,False,False,position_change,X2_TEAM_CONSTRAINED_SIM_M7,2026-10-09T18:35:51.573649Z,official_2026-27_37972806849_1_team_current,official_2026-27_37972806849_1_minutes_current,official_2026-27_37972806849_1_xpoints_current,official_2026-27_37972806849_1_decision_current
phase9_frontend_v1,2026-27,6,player_code_250199,Dominguez,team_nottingham_forest,MID,49,1,CRY (A),CRY,Crystal Palace,team_crystal_palace,A,2026-10-11 13:00:00+00:00,1.3926472689845235,2.4011766978461537,1.7117317430018058,0.0,1.0,3.0,39.258277758917146,0.579985333954691,0.3641508696501856,0.0568,0.0023,a,,False,False,returning_player,X2_TEAM_CONSTRAINED_SIM_M7,2026-10-09T18:35:51.573649Z,official_2026-27_37972806849_1_team_current,official_2026-27_37972806849_1_minutes_current,official_2026-27_37972806849_1_xpoints_current,official_2026-27_37972806849_1_decision_current
phase9_frontend_v1,2026-27,6,player_code_40383,Forster,team_bournemouth,GKP,40,1,CHE (A),CHE,Chelsea,team_chelsea,A,2026-10-10 14:00:00+00:00,0.3789758909954105,2.7189635707457844,1.253777635787144,0.0,0.0,1.0,10.819886541397391,0.13938248201371128,0.10661640730458702,0.0274,0.0006,a,,False,False,returning_player,X2_TEAM_CONSTRAINED_SIM_M7,2026-10-09T18:35:51.573649Z,official_2026-27_37972806849_1_team_current,official_2026-27_37972806849_1_minutes_current,official_2026-27_37972806849_1_xpoints_current,official_2026-27_37972806849_1_decision_current
phase9_frontend_v1,2026-27,6,player_code_424876,Szoboszlai,team_liverpool,MID,69,1,MCI (H),MCI,Man City,team_manchester_city,H,2026-10-11 15:30:00+00:00,3.2240815648817867,3.4493656736833547,2.4651688765680944,1.0,3.0,7.0,71.77601751946375,0.9346882499236442,0.8430402722631879,0.2287,0.0232,a,,False,False,returning_player,X2_TEAM_CONSTRAINED_SIM_M7,2026-10-09T18:35:51.573649Z,official_2026-27_37972806849_1_team_current,official_2026-27_37972806849_1_minutes_current,official_2026-27_37972806849_1_xpoints_current,official_2026-27_37972806849_1_decision_current
phase9_frontend_v1,2026-27,6,player_code_427623,Richards,team_crystal_palace,DEF,49,1,NFO (H),NFO,Nott'm Forest,team_nottingham_forest,H,2026-10-11 13:00:00+00:00,2.1083624631514684,2.919557890581051,2.460735822879002,0.0,1.0,6.0,59.441942989472885,0.7221512784361545,0.6668515032580117,0.2223,0.0058,a,,False,False,returning_player,X2_TEAM_CONSTRAINED_SIM_M7,2026-10-09T18:35:51.573649Z,official_2026-27_37972806849_1_team_current,official_2026-27_37972806849_1_minutes_current,official_2026-27_37972806849_1_xpoints_current,official_2026-27_37972806849_1_decision_current
phase9_frontend_v1,2026-27,6,player_code_427637,Aaronson,team_leeds,MID,53,1,ARS (A),ARS,Arsenal,team_arsenal,A,2026-10-10 11:30:00+00:00,2.2810545583631,2.385257925542388,1.5205569505940908,1.0,2.0,4.0,63.12359148356475,0.9563135851836262,0.4809641586867305,0.0949,0.0024,a,,False,False,returning_player,X2_TEAM_CONSTRAINED_SIM_M7,2026-10-09T18:35:51.573649Z,official_2026-27_37972806849_1_team_current,official_2026-27_37972806849_1_minutes_current,official_2026-27_37972806849_1_xpoints_current,official_2026-27_37972806849_1_decision_current
phase9_frontend_v1,2026-27,6,player_code_428580,Onyeka,team_coventry_city,MID,49,1,NEW (H),NEW,Newcastle,team_newcastle,H,2026-10-12 19:00:00+00:00,1.3339564477679757,2.586735831474298,1.8254922733334153,0.0,1.0,4.0,35.260555203525435,0.5156910232335915,0.338345052722808,0.0774,0.0036,a,,False,False,transferred_player,X2_TEAM_CONSTRAINED_SIM_M7,2026-10-09T18:35:51.573649Z,official_2026-27_37972806849_1_team_current,official_2026-27_37972806849_1_minutes_current,official_2026-27_37972806849_1_xpoints_current,official_2026-27_37972806849_1_decision_current
phase9_frontend_v1,2026-27,6,player_code_428971,Benda,team_nottingham_forest,GKP,45,1,CRY (A),CRY,Crystal Palace,team_crystal_palace,A,2026-10-11 13:00:00+00:00,0.021025703146030982,3.4117411501628827,0.3152390204273576,0.0,0.0,0.0,0.5089331697971332,0.006162748643761318,0.006162748643761301,0.0017,0.0,a,,False,False,transferred_player,X2_TEAM_CONSTRAINED_SIM_M7,2026-10-09T18:35:51.573649Z,official_2026-27_37972806849_1_team_current,official_2026-27_37972806849_1_minutes_current,official_2026-27_37972806849_1_xpoints_current,official_2026-27_37972806849_1_decision_current
phase9_frontend_v1,2026-27,6,player_code_430871,Cunha,team_manchester_united,MID,79,1,TOT (H),TOT,Spurs,team_tottenham_hotspur,H,2026-10-10 16:30:00+00:00,4.588152371874849,5.159790725406966,3.6558329269812098,0.0,3.0,9.0,68.38947886735008,0.8892128801431127,0.8059302325581397,0.3651,0.0885,a,,False,False,returning_player,X2_TEAM_CONSTRAINED_SIM_M7,2026-10-09T18:35:51.573649Z,official_2026-27_37972806849_1_team_current,official_2026-27_37972806849_1_minutes_current,official_2026-27_37972806849_1_xpoints_current,official_2026-27_37972806849_1_decision_current
phase9_frontend_v1,2026-27,6,player_code_431639,Flemming,team_ipswich,FWD,55,1,FUL (H),FUL,Fulham,team_fulham,H,2026-10-10 14:00:00+00:00,2.714564854763007,3.3060869778666024,2.5170768760608007,0.0,2.0,6.0,53.01918027768491,0.8210808950086058,0.425653700516351,0.2236,0.0254,a,,False,False,transferred_player,X2_TEAM_CONSTRAINED_SIM_M7,2026-10-09T18:35:51.573649Z,official_2026-27_37972806849_1_team_current,official_2026-27_37972806849_1_minutes_current,official_2026-27_37972806849_1_xpoints_current,official_2026-27_37972806849_1_decision_current
phase9_frontend_v1,2026-27,6,player_code_432422,Tonali,team_tottenham_hotspur,MID,53,1,MUN (A),MUN,Man Utd,team_manchester_united,A,2026-10-10 16:30:00+00:00,1.909272784906392,2.4399866486414377,1.6684963260373096,0.0,2.0,3.0,59.6854138196747,0.7824931279724247,0.6908451503119684,0.0665,0.0028,a,,False,False,transferred_player,X2_TEAM_CONSTRAINED_SIM_M7,2026-10-09T18:35:51.573649Z,official_2026-27_37972806849_1_team_current,official_2026-27_37972806849_1_minutes_current,official_2026-27_37972806849_1_xpoints_current,official_2026-27_37972806849_1_decision_current
phase9_frontend_v1,2026-27,6,player_code_432714,McAtee,team_nottingham_forest,MID,55,1,CRY (A),CRY,Crystal Palace,team_crystal_palace,A,2026-10-11 13:00:00+00:00,1.6898878115866285,2.919018372911425,2.1748273287780804,0.0,1.0,5.0,40.54826422305586,0.5789233213702374,0.41946554961721805,0.1083,0.009,a,,False,False,returning_player,X2_TEAM_CONSTRAINED_SIM_M7,2026-10-09T18:35:51.573649Z,official_2026-27_37972806849_1_team_current,official_2026-27_37972806849_1_minutes_current,official_2026-27_37972806849_1_xpoints_current,official_2026-27_37972806849_1_decision_current
phase9_frontend_v1,2026-27,6,player_code_432720,Trafford,team_leeds,GKP,50,1,ARS (A),ARS,Arsenal,team_arsenal,A,2026-10-10 11:30:00+00:00,1.7770288098249944,2.9513254481908824,2.1666240998382715,0.0,1.0,5.0,52.73127645030499,0.602112115732369,0.602112115732369,0.102,0.0006,a,,False,False,transferred_player,X2_TEAM_CONSTRAINED_SIM_M7,2026-10-09T18:35:51.573649Z,official_2026-27_37972806849_1_team_current,official_2026-27_37972806849_1_minutes_current,official_2026-27_37972806849_1_xpoints_current,official_2026-27_37972806849_1_decision_current
phase9_frontend_v1,2026-27,6,player_code_432830,Collins,team_brentford,DEF,54,1,AVL (A),AVL,Aston Villa,team_aston_villa,A,2026-10-10 14:00:00+00:00,1.045946251351297,2.5373737211991623,1.9966798842077815,0.0,0.0,4.0,30.91534610440099,0.41221608098667584,0.2882337354723164,0.0969,0.0039,i,Calf injury - Unknown return date,False,False,returning_player,X2_TEAM_CONSTRAINED_SIM_M7,2026-10-09T18:35:51.573649Z,official_2026-27_37972806849_1_team_current,official_2026-27_37972806849_1_minutes_current,official_2026-27_37972806849_1_xpoints_current,official_2026-27_37972806849_1_decision_current
phase9_frontend_v1,2026-27,6,player_code_432987,Jaros,team_liverpool,GKP,40,1,MCI (H),MCI,Man City,team_manchester_city,H,2026-10-11 15:30:00+00:00,0.04959667064893282,2.3356017663857584,0.41766857674476776,0.0,0.0,0.0,1.2498345601877103,0.02123507156174209,0.0077392657386769845,0.002,0.0001,i,Knee injury - Unknown return date,False,False,returning_player,X2_TEAM_CONSTRAINED_SIM_M7,2026-10-09T18:35:51.573649Z,official_2026-27_37972806849_1_team_current,official_2026-27_37972806849_1_minutes_current,official_2026-27_37972806849_1_xpoints_current,official_2026-27_37972806849_1_decision_current
phase9_frontend_v1,2026-27,6,player_code_433154,McNeil,team_crystal_palace,MID,53,1,NFO (H),NFO,Nott'm Forest,team_nottingham_forest,H,2026-10-11 13:00:00+00:00,2.029101174021968,3.3829750395208493,2.3799884957705153,0.0,2.0,5.0,42.71793576449775,0.599797855531728,0.4173562328470316,0.1312,0.012,a,,False,False,transferred_player,X2_TEAM_CONSTRAINED_SIM_M7,2026-10-09T18:35:51.573649Z,official_2026-27_37972806849_1_team_current,official_2026-27_37972806849_1_minutes_current,official_2026-27_37972806849_1_xpoints_current,official_2026-27_37972806849_1_decision_current
phase9_frontend_v1,2026-27,6,player_code_433969,Suzuki,team_aston_villa,GKP,50,1,BRE (H),BRE,Brentford,team_brentford,H,2026-10-10 14:00:00+00:00,2.5067193480945575,3.5876228151744876,2.5241939525321744,0.0,2.0,7.0,59.58777779721919,0.6987131806309022,0.6987131806309022,0.1826,0.0032,a,,False,False,current_season_history_only,X2_TEAM_CONSTRAINED_SIM_M7,2026-10-09T18:35:51.573649Z,official_2026-27_37972806849_1_team_current,official_2026-27_37972806849_1_minutes_current,official_2026-27_37972806849_1_xpoints_current,official_2026-27_37972806849_1_decision_current
phase9_frontend_v1,2026-27,6,player_code_434399,Reinildo,team_sunderland,DEF,44,1,BHA (H),BHA,Brighton,team_brighton,H,2026-10-10 14:00:00+00:00,1.7274131379752238,2.526068931157835,2.3256748181979354,0.0,1.0,6.0,56.814116937486205,0.6838345211678196,0.6475948657703519,0.1598,0.0047,a,,False,False,returning_player,X2_TEAM_CONSTRAINED_SIM_M7,2026-10-09T18:35:51.573649Z,official_2026-27_37972806849_1_team_current,official_2026-27_37972806849_1_minutes_current,official_2026-27_37972806849_1_xpoints_current,official_2026-27_37972806849_1_decision_current
phase9_frontend_v1,2026-27,6,player_code_434752,Bijol,team_leeds,DEF,50,1,ARS (A),ARS,Arsenal,team_arsenal,A,2026-10-10 11:30:00+00:00,1.453399109636863,2.4245595930798256,2.095122848426793,0.0,1.0,5.0,44.87601592094783,0.5994487055649829,0.44818493669233794,0.1025,0.0036,a,,False,False,returning_player,X2_TEAM_CONSTRAINED_SIM_M7,2026-10-09T18:35:51.573649Z,official_2026-27_37972806849_1_team_current,official_2026-27_37972806849_1_minutes_current,official_2026-27_37972806849_1_xpoints_current,official_2026-27_37972806849_1_decision_current
phase9_frontend_v1,2026-27,6,player_code_435997,Okafor,team_leeds,MID,58,1,ARS (A),ARS,Arsenal,team_arsenal,A,2026-10-10 11:30:00+00:00,2.596308165523772,3.145659696121551,2.348300728186235,0.0,2.0,7.0,58.3962608734756,0.8253620595784398,0.6221642062689587,0.1447,0.0142,a,,False,False,returning_player,X2_TEAM_CONSTRAINED_SIM_M7,2026-10-09T18:35:51.573649Z,official_2026-27_37972806849_1_team_current,official_2026-27_37972806849_1_minutes_current,official_2026-27_37972806849_1_xpoints_current,official_2026-27_37972806849_1_decision_current
phase9_frontend_v1,2026-27,6,player_code_436893,J.Araujo,team_bournemouth,DEF,44,1,CHE (A),CHE,Chelsea,team_chelsea,A,2026-10-10 14:00:00+00:00,0.15662418338057552,1.9714241886172683,0.8027110999606272,0.0,0.0,0.0,5.041653116809834,0.07944722616517641,0.0324163695416817,0.0128,0.0005,i,Thigh injury - Unknown return date,False,False,returning_player,X2_TEAM_CONSTRAINED_SIM_M7,2026-10-09T18:35:51.573649Z,official_2026-27_37972806849_1_team_current,official_2026-27_37972806849_1_minutes_current,official_2026-27_37972806849_1_xpoints_current,official_2026-27_37972806849_1_decision_current
phase9_frontend_v1,2026-27,6,player_code_437495,Meslier,team_arsenal,GKP,49,1,LEE (H),LEE,Leeds,team_leeds,H,2026-10-10 11:30:00+00:00,1.3131730153418675,3.5196707610141647,2.2624267943957874,0.0,0.0,6.0,24.780416945590428,0.37309541275488145,0.18658270396766305,0.1374,0.0007,a,,False,False,transferred_player,X2_TEAM_CONSTRAINED_SIM_M7,2026-10-09T18:35:51.573649Z,official_2026-27_37972806849_1_team_current,official_2026-27_37972806849_1_minutes_current,official_2026-27_37972806849_1_xpoints_current,official_2026-27_37972806849_1_decision_current
phase9_frontend_v1,2026-27,6,player_code_437497,Bard,team_leeds,DEF,45,1,ARS (A),ARS,Arsenal,team_arsenal,A,2026-10-10 11:30:00+00:00,0.693549104229672,1.8470253195921384,1.5147936328094334,0.0,0.0,2.0,22.861086833313955,0.3754951796669588,0.1181945661700263,0.0509,0.0013,a,,False,False,current_season_history_only,X2_TEAM_CONSTRAINED_SIM_M7,2026-10-09T18:35:51.573649Z,official_2026-27_37972806849_1_team_current,official_2026-27_37972806849_1_minutes_current,official_2026-27_37972806849_1_xpoints_current,official_2026-27_37972806849_1_decision_current
phase9_frontend_v1,2026-27,6,player_code_437499,Lacroix,team_chelsea,DEF,59,1,BOU (H),BOU,Bournemouth,team_bournemouth,H,2026-10-10 14:00:00+00:00,2.820631776838742,2.953678577613255,2.5018035714260223,0.0,2.0,6.0,78.34586387710874,0.9549555588807422,0.873897870217966,0.2759,0.0108,a,,False,False,transferred_player,X2_TEAM_CONSTRAINED_SIM_M7,2026-10-09T18:35:51.573649Z,official_2026-27_37972806849_1_team_current,official_2026-27_37972806849_1_minutes_current,official_2026-27_37972806849_1_xpoints_current,official_2026-27_37972806849_1_decision_current
phase9_frontend_v1,2026-27,6,player_code_437505,Isidor,team_sunderland,FWD,55,1,BHA (H),BHA,Brighton,team_brighton,H,2026-10-10 14:00:00+00:00,3.0446011657047585,3.480928919796913,2.5370574116483846,0.0,2.0,6.0,49.403054842876834,0.8746519207529204,0.1846471600688468,0.2578,0.0288,a,,False,False,returning_player,X2_TEAM_CONSTRAINED_SIM_M7,2026-10-09T18:35:51.573649Z,official_2026-27_37972806849_1_team_current,official_2026-27_37972806849_1_minutes_current,official_2026-27_37972806849_1_xpoints_current,official_2026-27_37972806849_1_decision_current
phase9_frontend_v1,2026-27,6,player_code_437730,Semenyo,team_manchester_city,MID,84,1,LIV (A),LIV,Liverpool,team_liverpool,A,2026-10-11 15:30:00+00:00,1.670075305793687,4.048667407984695,2.729174144315456,0.0,0.0,6.0,30.742565255778338,0.4125000000000001,0.3375,0.127,0.0235,d,Ankle injury - 75% chance of playing,False,False,returning_player,X2_TEAM_CONSTRAINED_SIM_M7,2026-10-09T18:35:51.573649Z,official_2026-27_37972806849_1_team_current,official_2026-27_37972806849_1_minutes_current,official_2026-27_37972806849_1_xpoints_current,official_2026-27_37972806849_1_decision_current
phase9_frontend_v1,2026-27,6,player_code_438234,Marmoush,team_tottenham_hotspur,FWD,70,1,MUN (A),MUN,Man Utd,team_manchester_united,A,2026-10-10 16:30:00+00:00,2.5317939858228806,3.4542826263393716,2.4509854018333117,0.0,2.0,6.0,51.87722347422148,0.7329434964347183,0.5527812146545366,0.1886,0.0201,a,,False,False,position_change,X2_TEAM_CONSTRAINED_SIM_M7,2026-10-09T18:35:51.573649Z,official_2026-27_37972806849_1_team_current,official_2026-27_37972806849_1_minutes_current,official_2026-27_37972806849_1_xpoints_current,official_2026-27_37972806849_1_decision_current
phase9_frontend_v1,2026-27,6,player_code_438464,Doucouré,team_crystal_palace,MID,48,1,NFO (H),NFO,Nott'm Forest,team_nottingham_forest,H,2026-10-11 13:00:00+00:00,0.7406520911642959,2.2118614990728545,1.3258817104100953,0.0,0.0,2.0,22.287460242608333,0.33485464233395934,0.17524194713274593,0.0234,0.0007,a,,False,False,returning_player,X2_TEAM_CONSTRAINED_SIM_M7,2026-10-09T18:35:51.573649Z,official_2026-27_37972806849_1_team_current,official_2026-27_37972806849_1_minutes_current,official_2026-27_37972806849_1_xpoints_current,official_2026-27_37972806849_1_decision_current
phase9_frontend_v1,2026-27,6,player_code_439509,Tzolis,team_arsenal,MID,63,1,LEE (H),LEE,Leeds,team_leeds,H,2026-10-10 11:30:00+00:00,1.616275548096241,3.384965368697146,2.3340679317449182,0.0,0.0,5.0,35.09788416100865,0.47748658318425763,0.37261627906976746,0.1167,0.01,i,Hamstring injury - Expected back 24 Oct,False,False,current_season_history_only,X2_TEAM_CONSTRAINED_SIM_M7,2026-10-09T18:35:51.573649Z,official_2026-27_37972806849_1_team_current,official_2026-27_37972806849_1_minutes_current,official_2026-27_37972806849_1_xpoints_current,official_2026-27_37972806849_1_decision_current
phase9_frontend_v1,2026-27,6,player_code_439668,Eccles,team_coventry_city,MID,48,1,NEW (H),NEW,Newcastle,team_newcastle,H,2026-10-12 19:00:00+00:00,0.18027095234415985,2.9108341851671926,0.8536041178438633,0.0,0.0,0.0,4.039532246143584,0.06193102762870206,0.03261627906976745,0.0106,0.0009,i,Unspecified injury - Expected back 12 Oct,False,False,current_season_history_only,X2_TEAM_CONSTRAINED_SIM_M7,2026-10-09T18:35:51.573649Z,official_2026-27_37972806849_1_team_current,official_2026-27_37972806849_1_minutes_current,official_2026-27_37972806849_1_xpoints_current,official_2026-27_37972806849_1_decision_current
phase9_frontend_v1,2026-27,6,player_code_440089,Damsgaard,team_brentford,MID,54,1,AVL (A),AVL,Aston Villa,team_aston_villa,A,2026-10-10 14:00:00+00:00,1.1720009181359017,2.8412143469961246,1.875413125154029,0.0,0.0,3.0,27.333927712972375,0.4125000000000001,0.23484174418604653,0.0704,0.0038,d,Unspecified injury - 75% chance of playing,False,False,returning_player,X2_TEAM_CONSTRAINED_SIM_M7,2026-10-09T18:35:51.573649Z,official_2026-27_37972806849_1_team_current,official_2026-27_37972806849_1_minutes_current,official_2026-27_37972806849_1_xpoints_current,official_2026-27_37972806849_1_decision_current
phase9_frontend_v1,2026-27,6,player_code_440993,Ndiaye,team_manchester_city,MID,58,1,LIV (A),LIV,Liverpool,team_liverpool,A,2026-10-11 15:30:00+00:00,2.4597996726415516,3.511281256603361,2.5672883729725418,0.0,2.0,7.0,54.26373521060053,0.7005419084602296,0.5983638494989603,0.1544,0.0142,a,,False,False,transferred_player,X2_TEAM_CONSTRAINED_SIM_M7,2026-10-09T18:35:51.573649Z,official_2026-27_37972806849_1_team_current,official_2026-27_37972806849_1_minutes_current,official_2026-27_37972806849_1_xpoints_current,official_2026-27_37972806849_1_decision_current
phase9_frontend_v1,2026-27,6,player_code_441164,Pedro Porro,team_tottenham_hotspur,DEF,54,1,MUN (A),MUN,Man Utd,team_manchester_united,A,2026-10-10 16:30:00+00:00,1.1235843505193197,2.5494801425627385,2.080920863464058,0.0,0.0,4.0,34.05560571207331,0.4407111598013438,0.33890708150744964,0.0936,0.0066,i,Hamstring injury - Unknown return date,False,False,returning_player,X2_TEAM_CONSTRAINED_SIM_M7,2026-10-09T18:35:51.573649Z,official_2026-27_37972806849_1_team_current,official_2026-27_37972806849_1_minutes_current,official_2026-27_37972806849_1_xpoints_current,official_2026-27_37972806849_1_decision_current
phase9_frontend_v1,2026-27,6,player_code_441191,Livramento,team_newcastle,DEF,49,1,COV (A),COV,Coventry City,team_coventry_city,A,2026-10-12 19:00:00+00:00,0.8327772671083677,2.8998302872101123,1.8154594983088992,0.0,0.0,3.0,18.618638907798296,0.28718138119371517,0.11974777273939717,0.0845,0.0013,d,Unspecified injury - 50% chance of playing,False,False,returning_player,X2_TEAM_CONSTRAINED_SIM_M7,2026-10-09T18:35:51.573649Z,official_2026-27_37972806849_1_team_current,official_2026-27_37972806849_1_minutes_current,official_2026-27_37972806849_1_xpoints_current,official_2026-27_37972806849_1_decision_current
phase9_frontend_v1,2026-27,6,player_code_441264,Brobbey,team_sunderland,FWD,57,1,BHA (H),BHA,Brighton,team_brighton,H,2026-10-10 14:00:00+00:00,1.7619334922526417,3.5640840847803608,2.4521102422199537,0.0,0.0,6.0,34.82827399024592,0.4943580034423408,0.3325747144421844,0.1454,0.0188,i,Hamstring injury - Expected back 25 Oct,False,False,returning_player,X2_TEAM_CONSTRAINED_SIM_M7,2026-10-09T18:35:51.573649Z,official_2026-27_37972806849_1_team_current,official_2026-27_37972806849_1_minutes_current,official_2026-27_37972806849_1_xpoints_current,official_2026-27_37972806849_1_decision_current
phase9_frontend_v1,2026-27,6,player_code_441266,Gravenberch,team_liverpool,MID,58,1,MCI (H),MCI,Man City,team_manchester_city,H,2026-10-11 15:30:00+00:00,2.439501279161482,2.6505023175201945,1.832627305264221,0.0,2.0,5.0,65.18579662260916,0.9203920566437667,0.6269284606866004,0.1118,0.0058,a,,False,False,returning_player,X2_TEAM_CONSTRAINED_SIM_M7,2026-10-09T18:35:51.573649Z,official_2026-27_37972806849_1_team_current,official_2026-27_37972806849_1_minutes_current,official_2026-27_37972806849_1_xpoints_current,official_2026-27_37972806849_1_decision_current
phase9_frontend_v1,2026-27,6,player_code_441302,Maatsen,team_aston_villa,DEF,44,1,BRE (H),BRE,Brentford,team_brentford,H,2026-10-10 14:00:00+00:00,0.9263503410146918,2.5484398592584885,1.8696407114737312,0.0,0.0,3.0,24.03039766991202,0.3634970382562722,0.1831752147239264,0.089,0.0024,i,Ankle injury - Unknown return date,False,False,returning_player,X2_TEAM_CONSTRAINED_SIM_M7,2026-10-09T18:35:51.573649Z,official_2026-27_37972806849_1_team_current,official_2026-27_37972806849_1_minutes_current,official_2026-27_37972806849_1_xpoints_current,official_2026-27_37972806849_1_decision_current
phase9_frontend_v1,2026-27,6,player_code_442299,Affengruber,team_fulham,DEF,45,1,IPS (A),IPS,Ipswich Town,team_ipswich,A,2026-10-10 14:00:00+00:00,1.8166937728669788,3.007439491093411,2.486331586896647,0.0,1.0,6.0,48.973580922426656,0.6040666082383874,0.5753374233128835,0.1875,0.0084,a,,False,False,current_season_history_only,X2_TEAM_CONSTRAINED_SIM_M7,2026-10-09T18:35:51.573649Z,official_2026-27_37972806849_1_team_current,official_2026-27_37972806849_1_minutes_current,official_2026-27_37972806849_1_xpoints_current,official_2026-27_37972806849_1_decision_current
phase9_frontend_v1,2026-27,6,player_code_442967,Maeda,team_ipswich,MID,53,1,FUL (H),FUL,Fulham,team_fulham,H,2026-10-10 14:00:00+00:00,2.2917772344282885,2.6398175850925476,1.8716070073602524,0.0,2.0,5.0,57.273674910358544,0.8681574239713774,0.48381395348837225,0.1143,0.005,a,,False,False,current_season_history_only,X2_TEAM_CONSTRAINED_SIM_M7,2026-10-09T18:35:51.573649Z,official_2026-27_37972806849_1_team_current,official_2026-27_37972806849_1_minutes_current,official_2026-27_37972806849_1_xpoints_current,official_2026-27_37972806849_1_decision_current
phase9_frontend_v1,2026-27,6,player_code_443261,Clarke,team_ipswich,MID,54,1,FUL (H),FUL,Fulham,team_fulham,H,2026-10-10 14:00:00+00:00,2.2494714936359337,2.649300738296698,1.9640048472445275,0.0,2.0,5.0,53.7753120601849,0.8490812164579606,0.38111007751937986,0.1354,0.0068,a,,False,False,returning_player,X2_TEAM_CONSTRAINED_SIM_M7,2026-10-09T18:35:51.573649Z,official_2026-27_37972806849_1_team_current,official_2026-27_37972806849_1_minutes_current,official_2026-27_37972806849_1_xpoints_current,official_2026-27_37972806849_1_decision_current
phase9_frontend_v1,2026-27,6,player_code_444102,Evanilson,team_bournemouth,FWD,60,1,CHE (A),CHE,Chelsea,team_chelsea,A,2026-10-10 14:00:00+00:00,3.407270617578329,3.7330873594279868,2.5603503178276212,0.0,3.0,7.0,71.04048678306546,0.9127219080403246,0.8461716252766168,0.2873,0.0314,a,,False,False,returning_player,X2_TEAM_CONSTRAINED_SIM_M7,2026-10-09T18:35:51.573649Z,official_2026-27_37972806849_1_team_current,official_2026-27_37972806849_1_minutes_current,official_2026-27_37972806849_1_xpoints_current,official_2026-27_37972806849_1_decision_current
phase9_frontend_v1,2026-27,6,player_code_444180,Anthony,team_brentford,MID,59,1,AVL (A),AVL,Aston Villa,team_aston_villa,A,2026-10-10 14:00:00+00:00,1.905818683707765,3.0559409520179326,2.354650613148371,0.0,2.0,6.0,42.17601945278155,0.6236438182646474,0.3900237276710482,0.1223,0.0124,a,,False,False,transferred_player,X2_TEAM_CONSTRAINED_SIM_M7,2026-10-09T18:35:51.573649Z,official_2026-27_37972806849_1_team_current,official_2026-27_37972806849_1_minutes_current,official_2026-27_37972806849_1_xpoints_current,official_2026-27_37972806849_1_decision_current
phase9_frontend_v1,2026-27,6,player_code_444463,Fofana,team_chelsea,DEF,50,1,BOU (H),BOU,Bournemouth,team_bournemouth,H,2026-10-10 14:00:00+00:00,1.3027378052435794,2.503890567121713,2.1595543892201463,0.0,0.0,6.0,41.254428550439286,0.5202854399268376,0.4649856647486949,0.1341,0.0044,a,,False,False,returning_player,X2_TEAM_CONSTRAINED_SIM_M7,2026-10-09T18:35:51.573649Z,official_2026-27_37972806849_1_team_current,official_2026-27_37972806849_1_minutes_current,official_2026-27_37972806849_1_xpoints_current,official_2026-27_37972806849_1_decision_current
phase9_frontend_v1,2026-27,6,player_code_444765,Van den Berg,team_brentford,DEF,49,1,AVL (A),AVL,Aston Villa,team_aston_villa,A,2026-10-10 14:00:00+00:00,0.45676231190955263,2.286974561190801,1.3725612700349665,0.0,0.0,2.0,14.395094030596738,0.1997233898709052,0.12176019509964559,0.0449,0.0006,i,Groin injury - Unknown return date,False,False,returning_player,X2_TEAM_CONSTRAINED_SIM_M7,2026-10-09T18:35:51.573649Z,official_2026-27_37972806849_1_team_current,official_2026-27_37972806849_1_minutes_current,official_2026-27_37972806849_1_xpoints_current,official_2026-27_37972806849_1_decision_current
phase9_frontend_v1,2026-27,6,player_code_445028,Morita,team_hull_city,MID,49,1,EVE (H),EVE,Everton,team_everton,H,2026-10-11 13:00:00+00:00,0.7164971794330559,3.0855173595063996,1.683567117759194,0.0,0.0,3.0,16.844327133501267,0.23221297952693298,0.19209173126614992,0.0422,0.004,a,,False,False,current_season_history_only,X2_TEAM_CONSTRAINED_SIM_M7,2026-10-09T18:35:51.573649Z,official_2026-27_37972806849_1_team_current,official_2026-27_37972806849_1_minutes_current,official_2026-27_37972806849_1_xpoints_current,official_2026-27_37972806849_1_decision_current
phase9_frontend_v1,2026-27,6,player_code_445044,Kulusevski,team_tottenham_hotspur,MID,65,1,MUN (A),MUN,Man Utd,team_manchester_united,A,2026-10-10 16:30:00+00:00,0.8881936949159086,2.8831997224606347,1.7187717009539107,0.0,0.0,3.0,20.29042193198533,0.30805833116475523,0.15331850353892823,0.0475,0.0033,i,Knee injury - Unknown return date,False,False,returning_player,X2_TEAM_CONSTRAINED_SIM_M7,2026-10-09T18:35:51.573649Z,official_2026-27_37972806849_1_team_current,official_2026-27_37972806849_1_minutes_current,official_2026-27_37972806849_1_xpoints_current,official_2026-27_37972806849_1_decision_current
phase9_frontend_v1,2026-27,6,player_code_445087,Araujo,team_liverpool,DEF,54,1,MCI (H),MCI,Man City,team_manchester_city,H,2026-10-11 15:30:00+00:00,1.9501931658755243,2.2420405115352136,2.1856943038769168,0.0,1.0,6.0,62.19882139404335,0.8698295841854125,0.608262440354465,0.1658,0.0046,a,,False,False,current_season_history_only,X2_TEAM_CONSTRAINED_SIM_M7,2026-10-09T18:35:51.573649Z,official_2026-27_37972806849_1_team_current,official_2026-27_37972806849_1_minutes_current,official_2026-27_37972806849_1_xpoints_current,official_2026-27_37972806849_1_decision_current
phase9_frontend_v1,2026-27,6,player_code_445122,J.Timber,team_arsenal,DEF,65,1,LEE (H),LEE,Leeds,team_leeds,H,2026-10-10 11:30:00+00:00,2.1784041376108703,4.159534355326095,3.011835305922288,0.0,0.0,6.0,40.75648077532395,0.5237134620180557,0.4115308294678038,0.2567,0.0209,a,,False,False,returning_player,X2_TEAM_CONSTRAINED_SIM_M7,2026-10-09T18:35:51.573649Z,official_2026-27_37972806849_1_team_current,official_2026-27_37972806849_1_minutes_current,official_2026-27_37972806849_1_xpoints_current,official_2026-27_37972806849_1_decision_current
phase9_frontend_v1,2026-27,6,player_code_446008,Mbeumo,team_manchester_united,MID,79,1,TOT (H),TOT,Spurs,team_tottenham_hotspur,H,2026-10-10 16:30:00+00:00,4.775665284292612,5.248820188655486,3.7053435954038054,1.0,3.0,10.0,71.52850507970302,0.9098549983888711,0.8130059222880255,0.3961,0.1002,a,,False,False,returning_player,X2_TEAM_CONSTRAINED_SIM_M7,2026-10-09T18:35:51.573649Z,official_2026-27_37972806849_1_team_current,official_2026-27_37972806849_1_minutes_current,official_2026-27_37972806849_1_xpoints_current,official_2026-27_37972806849_1_decision_current
phase9_frontend_v1,2026-27,6,player_code_448047,Enzo,team_manchester_city,MID,69,1,LIV (A),LIV,Liverpool,team_liverpool,A,2026-10-11 15:30:00+00:00,2.847713723984274,3.2508606874973998,2.4488612782270867,0.0,2.0,7.0,69.23665978203775,0.8759876222738172,0.7953840672934194,0.1915,0.0214,a,,False,False,transferred_player,X2_TEAM_CONSTRAINED_SIM_M7,2026-10-09T18:35:51.573649Z,official_2026-27_37972806849_1_team_current,official_2026-27_37972806849_1_minutes_current,official_2026-27_37972806849_1_xpoints_current,official_2026-27_37972806849_1_decision_current
phase9_frontend_v1,2026-27,6,player_code_448089,Gomes,team_aston_villa,MID,55,1,BRE (H),BRE,Brentford,team_brentford,H,2026-10-10 14:00:00+00:00,1.8304248454695724,2.5513681010758287,1.9546504956129622,0.0,2.0,4.0,57.04448560342439,0.7174287570255903,0.6630124360877454,0.0878,0.0046,a,,False,False,transferred_player,X2_TEAM_CONSTRAINED_SIM_M7,2026-10-09T18:35:51.573649Z,official_2026-27_37972806849_1_team_current,official_2026-27_37972806849_1_minutes_current,official_2026-27_37972806849_1_xpoints_current,official_2026-27_37972806849_1_decision_current
phase9_frontend_v1,2026-27,6,player_code_448104,Hincapie,team_arsenal,DEF,52,1,LEE (H),LEE,Leeds,team_leeds,H,2026-10-10 11:30:00+00:00,2.2022199353140914,3.8108349211798447,2.823645693071282,0.0,1.0,6.0,40.82994189488184,0.5778838445807771,0.351888455103179,0.2548,0.0135,a,,False,False,returning_player,X2_TEAM_CONSTRAINED_SIM_M7,2026-10-09T18:35:51.573649Z,official_2026-27_37972806849_1_team_current,official_2026-27_37972806849_1_minutes_current,official_2026-27_37972806849_1_xpoints_current,official_2026-27_37972806849_1_decision_current
phase9_frontend_v1,2026-27,6,player_code_448514,Aït-Nouri,team_manchester_city,DEF,52,1,LIV (A),LIV,Liverpool,team_liverpool,A,2026-10-11 15:30:00+00:00,1.7840322329931013,2.8936136132726595,2.5196355212609625,0.0,1.0,6.0,43.22953904153634,0.6165412772493047,0.36449125481080674,0.17,0.0114,a,,False,False,returning_player,X2_TEAM_CONSTRAINED_SIM_M7,2026-10-09T18:35:51.573649Z,official_2026-27_37972806849_1_team_current,official_2026-27_37972806849_1_minutes_current,official_2026-27_37972806849_1_xpoints_current,official_2026-27_37972806849_1_decision_current
phase9_frontend_v1,2026-27,6,player_code_449027,Mamardashvili,team_liverpool,GKP,48,1,MCI (H),MCI,Man City,team_manchester_city,H,2026-10-11 15:30:00+00:00,0.6609123122724031,3.1285531034639367,1.6734365569091645,0.0,0.0,2.0,16.709383731562873,0.21125174814537762,0.1689261667500289,0.0481,0.0021,a,,False,False,returning_player,X2_TEAM_CONSTRAINED_SIM_M7,2026-10-09T18:35:51.573649Z,official_2026-27_37972806849_1_team_current,official_2026-27_37972806849_1_minutes_current,official_2026-27_37972806849_1_xpoints_current,official_2026-27_37972806849_1_decision_current
phase9_frontend_v1,2026-27,6,player_code_449429,Greaves,team_ipswich,DEF,39,1,FUL (H),FUL,Fulham,team_fulham,H,2026-10-10 14:00:00+00:00,1.4575322994258788,2.131410822806628,2.0839250826265325,0.0,1.0,6.0,57.81370186821786,0.6838345211678196,0.6782331636426924,0.1353,0.0025,a,,False,False,returning_player,X2_TEAM_CONSTRAINED_SIM_M7,2026-10-09T18:35:51.573649Z,official_2026-27_37972806849_1_team_current,official_2026-27_37972806849_1_minutes_current,official_2026-27_37972806849_1_xpoints_current,official_2026-27_37972806849_1_decision_current
phase9_frontend_v1,2026-27,6,player_code_449434,Elanga,team_newcastle,MID,61,1,COV (A),COV,Coventry City,team_coventry_city,A,2026-10-12 19:00:00+00:00,1.3413642920795592,3.439288622050425,2.163944509454898,0.0,0.0,4.0,25.67610232199467,0.39001213317185013,0.21514608117867984,0.0963,0.0076,i,Unspecified injury - Unknown return date,False,False,returning_player,X2_TEAM_CONSTRAINED_SIM_M7,2026-10-09T18:35:51.573649Z,official_2026-27_37972806849_1_team_current,official_2026-27_37972806849_1_minutes_current,official_2026-27_37972806849_1_xpoints_current,official_2026-27_37972806849_1_decision_current
phase9_frontend_v1,2026-27,6,player_code_449871,Onana,team_aston_villa,MID,49,1,BRE (H),BRE,Brentford,team_brentford,H,2026-10-10 14:00:00+00:00,0.902140056354242,2.5069168970673688,1.5533700653739921,0.0,0.0,3.0,23.414597360691424,0.35986037567084084,0.16845174418604653,0.0355,0.0016,i,Knee injury - Unknown return date,False,False,returning_player,X2_TEAM_CONSTRAINED_SIM_M7,2026-10-09T18:35:51.573649Z,official_2026-27_37972806849_1_team_current,official_2026-27_37972806849_1_minutes_current,official_2026-27_37972806849_1_xpoints_current,official_2026-27_37972806849_1_decision_current
phase9_frontend_v1,2026-27,6,player_code_450063,Timber,team_crystal_palace,MID,50,1,NFO (H),NFO,Nott'm Forest,team_nottingham_forest,H,2026-10-11 13:00:00+00:00,2.508539487043466,3.020560363356951,2.171841133692794,0.0,2.0,6.0,64.58101060291952,0.8304881165346281,0.7789036544850498,0.1389,0.0112,a,,False,False,current_season_history_only,X2_TEAM_CONSTRAINED_SIM_M7,2026-10-09T18:35:51.573649Z,official_2026-27_37972806849_1_team_current,official_2026-27_37972806849_1_minutes_current,official_2026-27_37972806849_1_xpoints_current,official_2026-27_37972806849_1_decision_current
phase9_frontend_v1,2026-27,6,player_code_451284,van Ewijk,team_coventry_city,DEF,40,1,NEW (H),NEW,Newcastle,team_newcastle,H,2026-10-12 19:00:00+00:00,0.8532408554070664,2.223456981145207,1.7521732334446842,0.0,0.0,2.0,29.24379806254731,0.3837451601908658,0.30391809815950926,0.0731,0.0021,d,Hamstring injury - 75% chance of playing,False,False,current_season_history_only,X2_TEAM_CONSTRAINED_SIM_M7,2026-10-09T18:35:51.573649Z,official_2026-27_37972806849_1_team_current,official_2026-27_37972806849_1_minutes_current,official_2026-27_37972806849_1_xpoints_current,official_2026-27_37972806849_1_decision_current
phase9_frontend_v1,2026-27,6,player_code_451340,Mitoma,team_brighton,MID,59,1,SUN (A),SUN,Sunderland,team_sunderland,A,2026-10-10 14:00:00+00:00,1.2372446954382983,3.4899501743733263,2.2550696574607176,0.0,0.0,4.0,23.215000771254484,0.35451643537015953,0.17143030478116422,0.0874,0.0112,i,Hamstring injury - Expected back 10 Oct,False,False,returning_player,X2_TEAM_CONSTRAINED_SIM_M7,2026-10-09T18:35:51.573649Z,official_2026-27_37972806849_1_team_current,official_2026-27_37972806849_1_minutes_current,official_2026-27_37972806849_1_xpoints_current,official_2026-27_37972806849_1_decision_current
phase9_frontend_v1,2026-27,6,player_code_451490,Costinha,team_brighton,DEF,45,1,SUN (A),SUN,Sunderland,team_sunderland,A,2026-10-10 14:00:00+00:00,2.1310131730268536,2.449920319763012,2.3050042754841042,0.0,1.0,6.0,47.93235507180796,0.8698295841854125,0.09192910702113158,0.2008,0.0054,a,,False,False,current_season_history_only,X2_TEAM_CONSTRAINED_SIM_M7,2026-10-09T18:35:51.573649Z,official_2026-27_37972806849_1_team_current,official_2026-27_37972806849_1_minutes_current,official_2026-27_37972806849_1_xpoints_current,official_2026-27_37972806849_1_decision_current
phase9_frontend_v1,2026-27,6,player_code_454490,Svoboda,team_brighton,DEF,50,1,SUN (A),SUN,Sunderland,team_sunderland,A,2026-10-10 14:00:00+00:00,0.7506424421464626,2.6210942468083718,1.7340655581609365,0.0,0.0,2.0,17.48512858449063,0.2863851397409679,0.09192910702113159,0.0714,0.002,a,,False,False,current_season_history_only,X2_TEAM_CONSTRAINED_SIM_M7,2026-10-09T18:35:51.573649Z,official_2026-27_37972806849_1_team_current,official_2026-27_37972806849_1_minutes_current,official_2026-27_37972806849_1_xpoints_current,official_2026-27_37972806849_1_decision_current
phase9_frontend_v1,2026-27,6,player_code_455084,Davis,team_ipswich,DEF,40,1,FUL (H),FUL,Fulham,team_fulham,H,2026-10-10 14:00:00+00:00,2.382131634162137,2.674228138340892,2.6379343358014053,0.0,2.0,6.0,74.86454045031894,0.8907735282600183,0.8698530217987207,0.2174,0.016,a,,False,False,returning_player,X2_TEAM_CONSTRAINED_SIM_M7,2026-10-09T18:35:51.573649Z,official_2026-27_37972806849_1_team_current,official_2026-27_37972806849_1_minutes_current,official_2026-27_37972806849_1_xpoints_current,official_2026-27_37972806849_1_decision_current
phase9_frontend_v1,2026-27,6,player_code_456512,Ndoye,team_nottingham_forest,MID,55,1,CRY (A),CRY,Crystal Palace,team_crystal_palace,A,2026-10-11 13:00:00+00:00,2.2538867887372964,2.9952699752804244,2.190027924479503,0.0,2.0,5.0,53.77518392530419,0.752482015757622,0.5892330529440872,0.1233,0.01,a,,False,False,returning_player,X2_TEAM_CONSTRAINED_SIM_M7,2026-10-09T18:35:51.573649Z,official_2026-27_37972806849_1_team_current,official_2026-27_37972806849_1_minutes_current,official_2026-27_37972806849_1_xpoints_current,official_2026-27_37972806849_1_decision_current
phase9_frontend_v1,2026-27,6,player_code_457569,Petrović,team_bournemouth,GKP,45,1,CHE (A),CHE,Chelsea,team_chelsea,A,2026-10-10 14:00:00+00:00,1.9048404388300284,2.7923548194578616,2.1756755985210665,0.0,2.0,6.0,59.487932138120655,0.6821627486437613,0.6761627486437614,0.1227,0.0011,a,,False,False,returning_player,X2_TEAM_CONSTRAINED_SIM_M7,2026-10-09T18:35:51.573649Z,official_2026-27_37972806849_1_team_current,official_2026-27_37972806849_1_minutes_current,official_2026-27_37972806849_1_xpoints_current,official_2026-27_37972806849_1_decision_current
phase9_frontend_v1,2026-27,6,player_code_458249,Zirkzee,team_manchester_united,FWD,53,1,TOT (H),TOT,Spurs,team_tottenham_hotspur,H,2026-10-10 16:30:00+00:00,2.008678099803236,3.1150833916130494,2.35445424461806,0.0,2.0,6.0,37.30967358155472,0.6448232189261246,0.1698637238027741,0.1605,0.0153,a,,False,False,returning_player,X2_TEAM_CONSTRAINED_SIM_M7,2026-10-09T18:35:51.573649Z,official_2026-27_37972806849_1_team_current,official_2026-27_37972806849_1_minutes_current,official_2026-27_37972806849_1_xpoints_current,official_2026-27_37972806849_1_decision_current
phase9_frontend_v1,2026-27,6,player_code_460028,Colwill,team_chelsea,DEF,48,1,BOU (H),BOU,Bournemouth,team_bournemouth,H,2026-10-10 14:00:00+00:00,1.6979242809743404,2.897462590689794,2.3642515602194285,0.0,1.0,6.0,48.47880150485247,0.5860038664278728,0.5485922900074941,0.1653,0.0066,a,,False,False,returning_player,X2_TEAM_CONSTRAINED_SIM_M7,2026-10-09T18:35:51.573649Z,official_2026-27_37972806849_1_team_current,official_2026-27_37972806849_1_minutes_current,official_2026-27_37972806849_1_xpoints_current,official_2026-27_37972806849_1_decision_current
phase9_frontend_v1,2026-27,6,player_code_460842,Kudus,team_tottenham_hotspur,MID,65,1,MUN (A),MUN,Man Utd,team_manchester_united,A,2026-10-10 16:30:00+00:00,2.3489615216248865,3.0012715085569686,2.2885846608766736,0.0,2.0,6.0,53.70121240145319,0.7826554561717354,0.4691162790697674,0.1536,0.0131,a,,False,False,returning_player,X2_TEAM_CONSTRAINED_SIM_M7,2026-10-09T18:35:51.573649Z,official_2026-27_37972806849_1_team_current,official_2026-27_37972806849_1_minutes_current,official_2026-27_37972806849_1_xpoints_current,official_2026-27_37972806849_1_decision_current
phase9_frontend_v1,2026-27,6,player_code_461102,Thomas,team_coventry_city,DEF,40,1,NEW (H),NEW,Newcastle,team_newcastle,H,2026-10-12 19:00:00+00:00,0.9998833955802354,2.5954708964144317,1.9501768535186752,0.0,0.0,3.0,32.48984421639214,0.3852416133664013,0.3796402558412739,0.0867,0.0029,a,,False,False,transferred_player,X2_TEAM_CONSTRAINED_SIM_M7,2026-10-09T18:35:51.573649Z,official_2026-27_37972806849_1_team_current,official_2026-27_37972806849_1_minutes_current,official_2026-27_37972806849_1_xpoints_current,official_2026-27_37972806849_1_decision_current
phase9_frontend_v1,2026-27,6,player_code_461199,Mundle,team_sunderland,MID,49,1,BHA (H),BHA,Brighton,team_brighton,H,2026-10-10 14:00:00+00:00,0.32536568171355607,2.4451619137123566,1.011456751423411,0.0,0.0,1.0,7.4001442550804875,0.13306508656499194,0.01749625541978715,0.0132,0.0008,i,Knee injury - Unknown return date,False,False,returning_player,X2_TEAM_CONSTRAINED_SIM_M7,2026-10-09T18:35:51.573649Z,official_2026-27_37972806849_1_team_current,official_2026-27_37972806849_1_minutes_current,official_2026-27_37972806849_1_xpoints_current,official_2026-27_37972806849_1_decision_current
phase9_frontend_v1,2026-27,6,player_code_461587,McAteer,team_ipswich,MID,44,1,FUL (H),FUL,Fulham,team_fulham,H,2026-10-10 14:00:00+00:00,0.9297408062118269,2.4229084418459657,1.620419053825275,0.0,0.0,3.0,22.736630951328202,0.3837292363814936,0.10785225718194254,0.0462,0.0025,a,,False,False,transferred_player,X2_TEAM_CONSTRAINED_SIM_M7,2026-10-09T18:35:51.573649Z,official_2026-27_37972806849_1_team_current,official_2026-27_37972806849_1_minutes_current,official_2026-27_37972806849_1_xpoints_current,official_2026-27_37972806849_1_decision_current
phase9_frontend_v1,2026-27,6,player_code_462424,Saliba,team_arsenal,DEF,59,1,LEE (H),LEE,Leeds,team_leeds,H,2026-10-10 11:30:00+00:00,1.5364431956375812,3.7443770418882574,2.5412673511458808,0.0,0.0,6.0,29.193891038147047,0.41033346226873724,0.23848069199405553,0.1776,0.0075,i,Back injury - Unknown return date,False,False,returning_player,X2_TEAM_CONSTRAINED_SIM_M7,2026-10-09T18:35:51.573649Z,official_2026-27_37972806849_1_team_current,official_2026-27_37972806849_1_minutes_current,official_2026-27_37972806849_1_xpoints_current,official_2026-27_37972806849_1_decision_current
phase9_frontend_v1,2026-27,6,player_code_462635,Gelhardt,team_hull_city,MID,50,1,EVE (H),EVE,Everton,team_everton,H,2026-10-11 13:00:00+00:00,0.6070352061762718,2.7566974676690883,1.5034925174406424,0.0,0.0,2.0,11.786223972748529,0.22020378126205753,0.01004651162790698,0.0359,0.0024,a,,False,False,transferred_player,X2_TEAM_CONSTRAINED_SIM_M7,2026-10-09T18:35:51.573649Z,official_2026-27_37972806849_1_team_current,official_2026-27_37972806849_1_minutes_current,official_2026-27_37972806849_1_xpoints_current,official_2026-27_37972806849_1_decision_current
phase9_frontend_v1,2026-27,6,player_code_463034,Delap,team_nottingham_forest,FWD,56,1,CRY (A),CRY,Crystal Palace,team_crystal_palace,A,2026-10-11 13:00:00+00:00,2.027682267254305,3.0809200926361946,2.3109607850415808,0.0,2.0,6.0,46.37542212639046,0.658141790856807,0.48848793921329914,0.1544,0.0141,a,,False,False,transferred_player,X2_TEAM_CONSTRAINED_SIM_M7,2026-10-09T18:35:51.573649Z,official_2026-27_37972806849_1_team_current,official_2026-27_37972806849_1_minutes_current,official_2026-27_37972806849_1_xpoints_current,official_2026-27_37972806849_1_decision_current
phase9_frontend_v1,2026-27,6,player_code_463067,Georginio,team_brighton,FWD,53,1,SUN (A),SUN,Sunderland,team_sunderland,A,2026-10-10 14:00:00+00:00,1.833143929802798,2.9403960427085765,2.1994445457887775,0.0,2.0,5.0,40.3710743744616,0.6234343616223135,0.3275386204157288,0.153,0.0076,a,,False,False,position_change,X2_TEAM_CONSTRAINED_SIM_M7,2026-10-09T18:35:51.573649Z,official_2026-27_37972806849_1_team_current,official_2026-27_37972806849_1_minutes_current,official_2026-27_37972806849_1_xpoints_current,official_2026-27_37972806849_1_decision_current
phase9_frontend_v1,2026-27,6,player_code_463210,Charles,team_fulham,MID,50,1,IPS (A),IPS,Ipswich Town,team_ipswich,A,2026-10-10 14:00:00+00:00,1.0364563829482145,3.011496729519993,1.955120620319882,0.0,0.0,3.0,23.913026284381438,0.34416653114327533,0.24144947145877382,0.0657,0.0059,a,,False,False,transferred_player,X2_TEAM_CONSTRAINED_SIM_M7,2026-10-09T18:35:51.573649Z,official_2026-27_37972806849_1_team_current,official_2026-27_37972806849_1_minutes_current,official_2026-27_37972806849_1_xpoints_current,official_2026-27_37972806849_1_decision_current
phase9_frontend_v1,2026-27,6,player_code_463726,Dedić,team_newcastle,DEF,45,1,COV (A),COV,Coventry City,team_coventry_city,A,2026-10-12 19:00:00+00:00,0.9362989145400272,3.4047233256000986,2.0606210228957678,0.0,0.0,4.0,21.175285805944327,0.275,0.22500000000000003,0.0982,0.0051,d,Unspecified injury - 50% chance of playing,False,False,current_season_history_only,X2_TEAM_CONSTRAINED_SIM_M7,2026-10-09T18:35:51.573649Z,official_2026-27_37972806849_1_team_current,official_2026-27_37972806849_1_minutes_current,official_2026-27_37972806849_1_xpoints_current,official_2026-27_37972806849_1_decision_current
phase9_frontend_v1,2026-27,6,player_code_463936,Gittens,team_chelsea,MID,58,1,BOU (H),BOU,Bournemouth,team_bournemouth,H,2026-10-10 14:00:00+00:00,0.5132657770973184,2.736254308535828,1.3648126281654929,0.0,0.0,2.0,10.869268071089108,0.187579705400982,0.04264423552696685,0.0307,0.0018,i,Ankle injury - Unknown return date,False,False,returning_player,X2_TEAM_CONSTRAINED_SIM_M7,2026-10-09T18:35:51.573649Z,official_2026-27_37972806849_1_team_current,official_2026-27_37972806849_1_minutes_current,official_2026-27_37972806849_1_xpoints_current,official_2026-27_37972806849_1_decision_current
phase9_frontend_v1,2026-27,6,player_code_463981,Hill,team_bournemouth,DEF,55,1,CHE (A),CHE,Chelsea,team_chelsea,A,2026-10-10 14:00:00+00:00,1.2340702855623054,2.431699639049457,2.0815728644464984,0.0,0.0,5.0,39.79192691165812,0.5074928933429868,0.4387769690965211,0.1014,0.0039,a,,False,False,returning_player,X2_TEAM_CONSTRAINED_SIM_M7,2026-10-09T18:35:51.573649Z,official_2026-27_37972806849_1_team_current,official_2026-27_37972806849_1_minutes_current,official_2026-27_37972806849_1_xpoints_current,official_2026-27_37972806849_1_decision_current
phase9_frontend_v1,2026-27,6,player_code_464353,Davies,team_liverpool,GKP,40,1,MCI (H),MCI,Man City,team_manchester_city,H,2026-10-11 15:30:00+00:00,0.028985009183585313,2.9395374997290897,0.31844095214026724,0.0,0.0,0.0,0.8142930716754133,0.00986039783001802,0.009860397830018085,0.0015,0.0,a,,False,False,returning_player,X2_TEAM_CONSTRAINED_SIM_M7,2026-10-09T18:35:51.573649Z,official_2026-27_37972806849_1_team_current,official_2026-27_37972806849_1_minutes_current,official_2026-27_37972806849_1_xpoints_current,official_2026-27_37972806849_1_decision_current
phase9_frontend_v1,2026-27,6,player_code_465247,Lammens,team_manchester_united,GKP,49,1,TOT (H),TOT,Spurs,team_tottenham_hotspur,H,2026-10-10 16:30:00+00:00,3.2582217232611104,3.611170117409498,2.445592860637273,0.0,3.0,7.0,79.01755821101041,0.9022620417557127,0.9022620417557127,0.2757,0.0023,a,,False,False,returning_player,X2_TEAM_CONSTRAINED_SIM_M7,2026-10-09T18:35:51.573649Z,official_2026-27_37972806849_1_team_current,official_2026-27_37972806849_1_minutes_current,official_2026-27_37972806849_1_xpoints_current,official_2026-27_37972806849_1_decision_current
phase9_frontend_v1,2026-27,6,player_code_465351,Matheus N.,team_manchester_city,DEF,59,1,LIV (A),LIV,Liverpool,team_liverpool,A,2026-10-11 15:30:00+00:00,2.094315069609708,2.9568860411985094,2.536171900719665,0.0,1.0,6.0,52.48319551701324,0.708283998919628,0.51173768568893,0.2007,0.0108,a,,False,False,returning_player,X2_TEAM_CONSTRAINED_SIM_M7,2026-10-09T18:35:51.573649Z,official_2026-27_37972806849_1_team_current,official_2026-27_37972806849_1_minutes_current,official_2026-27_37972806849_1_xpoints_current,official_2026-27_37972806849_1_decision_current
phase9_frontend_v1,2026-27,6,player_code_465390,Kesler-Hayden,team_coventry_city,DEF,39,1,NEW (H),NEW,Newcastle,team_newcastle,H,2026-10-12 19:00:00+00:00,0.0749428069917621,2.1328291312162295,0.6228097542588747,0.0,0.0,0.0,2.044092584242464,0.03513774539877301,0.007615490797546013,0.0072,0.0003,d,Hamstring injury - 50% chance of playing,False,False,transferred_player,X2_TEAM_CONSTRAINED_SIM_M7,2026-10-09T18:35:51.573649Z,official_2026-27_37972806849_1_team_current,official_2026-27_37972806849_1_minutes_current,official_2026-27_37972806849_1_xpoints_current,official_2026-27_37972806849_1_decision_current
phase9_frontend_v1,2026-27,6,player_code_465525,Matazo,team_hull_city,MID,45,1,EVE (H),EVE,Everton,team_everton,H,2026-10-11 13:00:00+00:00,0.18372396427842927,2.9665899519691163,0.8637713586360687,0.0,0.0,0.0,4.039532246143584,0.06193102762870206,0.03261627906976745,0.0093,0.0006,i,Knee injury - Unknown return date,False,False,current_season_history_only,X2_TEAM_CONSTRAINED_SIM_M7,2026-10-09T18:35:51.573649Z,official_2026-27_37972806849_1_team_current,official_2026-27_37972806849_1_minutes_current,official_2026-27_37972806849_1_xpoints_current,official_2026-27_37972806849_1_decision_current
phase9_frontend_v1,2026-27,6,player_code_465642,Thiaw,team_newcastle,DEF,50,1,COV (A),COV,Coventry City,team_coventry_city,A,2026-10-12 19:00:00+00:00,3.5560748178410266,3.8593761410331675,2.993745010851793,0.0,2.0,7.0,76.96320184551631,0.9214118261323587,0.885172170734891,0.3546,0.0297,a,,False,False,returning_player,X2_TEAM_CONSTRAINED_SIM_M7,2026-10-09T18:35:51.573649Z,official_2026-27_37972806849_1_team_current,official_2026-27_37972806849_1_minutes_current,official_2026-27_37972806849_1_xpoints_current,official_2026-27_37972806849_1_decision_current
phase9_frontend_v1,2026-27,6,player_code_465680,Kalimuendo,team_nottingham_forest,FWD,54,1,CRY (A),CRY,Crystal Palace,team_crystal_palace,A,2026-10-11 13:00:00+00:00,0.6414008717876577,2.8974097425054333,1.564550334760758,0.0,0.0,2.0,11.707490224480512,0.22137044076928825,0.016487315722517396,0.046,0.0044,a,,False,False,returning_player,X2_TEAM_CONSTRAINED_SIM_M7,2026-10-09T18:35:51.573649Z,official_2026-27_37972806849_1_team_current,official_2026-27_37972806849_1_minutes_current,official_2026-27_37972806849_1_xpoints_current,official_2026-27_37972806849_1_decision_current
phase9_frontend_v1,2026-27,6,player_code_465694,N.Gonzalez,team_newcastle,MID,55,1,COV (A),COV,Coventry City,team_coventry_city,A,2026-10-12 19:00:00+00:00,1.6824095783271729,2.5622675550445444,1.9463688216779471,0.0,2.0,3.0,48.762498364890384,0.656609640556419,0.530827652814843,0.0792,0.0053,a,,False,False,transferred_player,X2_TEAM_CONSTRAINED_SIM_M7,2026-10-09T18:35:51.573649Z,official_2026-27_37972806849_1_team_current,official_2026-27_37972806849_1_minutes_current,official_2026-27_37972806849_1_xpoints_current,official_2026-27_37972806849_1_decision_current
phase9_frontend_v1,2026-27,6,player_code_465730,De Cuyper,team_brighton,DEF,50,1,SUN (A),SUN,Sunderland,team_sunderland,A,2026-10-10 14:00:00+00:00,3.15380557150211,3.7331268198439687,3.0931189178562146,0.0,2.0,7.0,61.77222146524216,0.8448160814515077,0.6400657877561677,0.3082,0.0372,a,,False,False,returning_player,X2_TEAM_CONSTRAINED_SIM_M7,2026-10-09T18:35:51.573649Z,official_2026-27_37972806849_1_team_current,official_2026-27_37972806849_1_minutes_current,official_2026-27_37972806849_1_xpoints_current,official_2026-27_37972806849_1_decision_current
phase9_frontend_v1,2026-27,6,player_code_465920,Mudryk,team_tottenham_hotspur,MID,53,1,MUN (A),MUN,Man Utd,team_manchester_united,A,2026-10-10 16:30:00+00:00,0.5108981447779786,2.637347377361103,1.359324387333649,0.0,0.0,2.0,11.662537022407385,0.19371666742254368,0.06203013429413693,0.0299,0.0024,i,Ankle injury - Unknown return date,False,False,transferred_player,X2_TEAM_CONSTRAINED_SIM_M7,2026-10-09T18:35:51.573649Z,official_2026-27_37972806849_1_team_current,official_2026-27_37972806849_1_minutes_current,official_2026-27_37972806849_1_xpoints_current,official_2026-27_37972806849_1_decision_current
phase9_frontend_v1,2026-27,6,player_code_466052,Cherki,team_manchester_city,MID,78,1,LIV (A),LIV,Liverpool,team_liverpool,A,2026-10-11 15:30:00+00:00,3.9800268699335,4.470160495418268,3.070964089663049,0.0,3.0,8.0,61.606839871604144,0.8903543561831537,0.614109648688768,0.3534,0.0587,a,,False,False,returning_player,X2_TEAM_CONSTRAINED_SIM_M7,2026-10-09T18:35:51.573649Z,official_2026-27_37972806849_1_team_current,official_2026-27_37972806849_1_minutes_current,official_2026-27_37972806849_1_xpoints_current,official_2026-27_37972806849_1_decision_current
phase9_frontend_v1,2026-27,6,player_code_466075,Calafiori,team_arsenal,DEF,59,1,LEE (H),LEE,Leeds,team_leeds,H,2026-10-10 11:30:00+00:00,2.959963265191888,4.114666755417517,3.101151848910337,0.0,2.0,7.0,56.18225966362153,0.7193688920967161,0.6146246120534102,0.3521,0.0274,a,,False,False,returning_player,X2_TEAM_CONSTRAINED_SIM_M7,2026-10-09T18:35:51.573649Z,official_2026-27_37972806849_1_team_current,official_2026-27_37972806849_1_minutes_current,official_2026-27_37972806849_1_xpoints_current,official_2026-27_37972806849_1_decision_current
phase9_frontend_v1,2026-27,6,player_code_466525,Stach,team_leeds,MID,60,1,ARS (A),ARS,Arsenal,team_arsenal,A,2026-10-10 11:30:00+00:00,2.7159518492599513,3.2758710688652055,2.1595452275884384,0.0,2.0,6.0,67.02178838560722,0.8290777604384729,0.8037011380504702,0.1495,0.011,a,,False,False,returning_player,X2_TEAM_CONSTRAINED_SIM_M7,2026-10-09T18:35:51.573649Z,official_2026-27_37972806849_1_team_current,official_2026-27_37972806849_1_minutes_current,official_2026-27_37972806849_1_xpoints_current,official_2026-27_37972806849_1_decision_current
phase9_frontend_v1,2026-27,6,player_code_467779,Wieffer,team_brighton,DEF,49,1,SUN (A),SUN,Sunderland,team_sunderland,A,2026-10-10 14:00:00+00:00,0.9529852550077853,3.2231451071104527,2.1535648376587133,0.0,0.0,4.0,20.179411340085665,0.2956693612414292,0.17190578130638762,0.0971,0.0085,i,Knee injury - Unknown return date,False,False,position_change,X2_TEAM_CONSTRAINED_SIM_M7,2026-10-09T18:35:51.573649Z,official_2026-27_37972806849_1_team_current,official_2026-27_37972806849_1_minutes_current,official_2026-27_37972806849_1_xpoints_current,official_2026-27_37972806849_1_decision_current
phase9_frontend_v1,2026-27,6,player_code_469142,Van Hecke,team_tottenham_hotspur,DEF,49,1,MUN (A),MUN,Man Utd,team_manchester_united,A,2026-10-10 16:30:00+00:00,1.6135398407496535,2.0560934477120036,2.2171845570452633,0.0,1.0,6.0,65.33543555850434,0.7847599740883282,0.7473483976679496,0.1393,0.0064,a,,False,False,transferred_player,X2_TEAM_CONSTRAINED_SIM_M7,2026-10-09T18:35:51.573649Z,official_2026-27_37972806849_1_team_current,official_2026-27_37972806849_1_minutes_current,official_2026-27_37972806849_1_xpoints_current,official_2026-27_37972806849_1_decision_current
phase9_frontend_v1,2026-27,6,player_code_469266,Gourna-Douath,team_hull_city,MID,50,1,EVE (H),EVE,Everton,team_everton,H,2026-10-11 13:00:00+00:00,1.580246904801379,2.741412911644227,2.0070808429159004,0.0,1.0,4.0,36.163661538868126,0.5764352017491552,0.24459173126614986,0.0774,0.0057,a,,False,False,current_season_history_only,X2_TEAM_CONSTRAINED_SIM_M7,2026-10-09T18:35:51.573649Z,official_2026-27_37972806849_1_team_current,official_2026-27_37972806849_1_minutes_current,official_2026-27_37972806849_1_xpoints_current,official_2026-27_37972806849_1_decision_current
phase9_frontend_v1,2026-27,6,player_code_469272,Tchaouna,team_coventry_city,MID,54,1,NEW (H),NEW,Newcastle,team_newcastle,H,2026-10-12 19:00:00+00:00,1.9610272092824785,2.6333401655301976,2.046004261970146,0.0,2.0,5.0,47.208262134579066,0.744691944835636,0.3360756061355764,0.1146,0.0091,a,,False,False,transferred_player,X2_TEAM_CONSTRAINED_SIM_M7,2026-10-09T18:35:51.573649Z,official_2026-27_37972806849_1_team_current,official_2026-27_37972806849_1_minutes_current,official_2026-27_37972806849_1_xpoints_current,official_2026-27_37972806849_1_decision_current
phase9_frontend_v1,2026-27,6,player_code_470294,Gyabi,team_hull_city,MID,44,1,EVE (H),EVE,Everton,team_everton,H,2026-10-11 13:00:00+00:00,0.04117111453257522,2.8435323821173406,0.39901874642678126,0.0,0.0,0.0,0.8688805729166783,0.014478862555424299,0.00452093023255814,0.002,0.0,i,Thigh injury - Unknown return date,False,False,transferred_player,X2_TEAM_CONSTRAINED_SIM_M7,2026-10-09T18:35:51.573649Z,official_2026-27_37972806849_1_team_current,official_2026-27_37972806849_1_minutes_current,official_2026-27_37972806849_1_xpoints_current,official_2026-27_37972806849_1_decision_current
phase9_frontend_v1,2026-27,6,player_code_470315,Netz,team_nottingham_forest,DEF,44,1,CRY (A),CRY,Crystal Palace,team_crystal_palace,A,2026-10-11 13:00:00+00:00,1.2537589295449567,2.4494829501634476,2.022994747892342,0.0,0.0,6.0,29.68696101732737,0.5118463590290745,0.10771138970392108,0.1166,0.0024,a,,False,False,returning_player,X2_TEAM_CONSTRAINED_SIM_M7,2026-10-09T18:35:51.573649Z,official_2026-27_37972806849_1_team_current,official_2026-27_37972806849_1_minutes_current,official_2026-27_37972806849_1_xpoints_current,official_2026-27_37972806849_1_decision_current
phase9_frontend_v1,2026-27,6,player_code_470551,Horníček,team_newcastle,GKP,50,1,COV (A),COV,Coventry City,team_coventry_city,A,2026-10-12 19:00:00+00:00,3.0769442599613894,3.7600548963435068,2.6189384414300387,0.0,2.0,7.0,69.7884731734417,0.8183242917420133,0.8183242917420133,0.2795,0.0055,a,,False,False,current_season_history_only,X2_TEAM_CONSTRAINED_SIM_M7,2026-10-09T18:35:51.573649Z,official_2026-27_37972806849_1_team_current,official_2026-27_37972806849_1_minutes_current,official_2026-27_37972806849_1_xpoints_current,official_2026-27_37972806849_1_decision_current
phase9_frontend_v1,2026-27,6,player_code_471551,Azeez,team_brighton,MID,55,1,SUN (A),SUN,Sunderland,team_sunderland,A,2026-10-10 14:00:00+00:00,0.23562545213311703,2.9591667951436627,1.0226117493946565,0.0,0.0,0.0,5.193684316470322,0.07962560695118837,0.041935215946843865,0.0136,0.0013,i,Hamstring injury - Expected back 10 Oct,False,False,current_season_history_only,X2_TEAM_CONSTRAINED_SIM_M7,2026-10-09T18:35:51.573649Z,official_2026-27_37972806849_1_team_current,official_2026-27_37972806849_1_minutes_current,official_2026-27_37972806849_1_xpoints_current,official_2026-27_37972806849_1_decision_current
phase9_frontend_v1,2026-27,6,player_code_472713,Hickey,team_brentford,DEF,45,1,AVL (A),AVL,Aston Villa,team_aston_villa,A,2026-10-10 14:00:00+00:00,1.1425958284239237,2.0361411004337384,1.882739958146106,0.0,0.0,5.0,35.45600814651005,0.5611574896162786,0.22337158607374663,0.1048,0.0012,a,,False,False,returning_player,X2_TEAM_CONSTRAINED_SIM_M7,2026-10-09T18:35:51.573649Z,official_2026-27_37972806849_1_team_current,official_2026-27_37972806849_1_minutes_current,official_2026-27_37972806849_1_xpoints_current,official_2026-27_37972806849_1_decision_current
phase9_frontend_v1,2026-27,6,player_code_472739,Rushworth,team_coventry_city,GKP,45,1,NEW (H),NEW,Newcastle,team_newcastle,H,2026-10-12 19:00:00+00:00,1.0420438892923147,3.1476620647937072,2.049551343587176,0.0,0.0,4.0,28.99271118254175,0.3310532922029572,0.33105329220295715,0.0838,0.0044,a,,False,False,transferred_player,X2_TEAM_CONSTRAINED_SIM_M7,2026-10-09T18:35:51.573649Z,official_2026-27_37972806849_1_team_current,official_2026-27_37972806849_1_minutes_current,official_2026-27_37972806849_1_xpoints_current,official_2026-27_37972806849_1_decision_current
phase9_frontend_v1,2026-27,6,player_code_472769,O'Reilly,team_manchester_city,DEF,63,1,LIV (A),LIV,Liverpool,team_liverpool,A,2026-10-11 15:30:00+00:00,1.070675874308723,3.1872177722891384,2.2425402538193153,0.0,0.0,4.0,22.823935704420613,0.33592805725971375,0.17452581148912438,0.0949,0.0099,d,Unspecified injury - 75% chance of playing,False,False,returning_player,X2_TEAM_CONSTRAINED_SIM_M7,2026-10-09T18:35:51.573649Z,official_2026-27_37972806849_1_team_current,official_2026-27_37972806849_1_minutes_current,official_2026-27_37972806849_1_xpoints_current,official_2026-27_37972806849_1_decision_current
phase9_frontend_v1,2026-27,6,player_code_473284,Tzolakis,team_hull_city,GKP,47,1,EVE (H),EVE,Everton,team_everton,H,2026-10-11 13:00:00+00:00,3.894397949067336,4.7589910117138405,3.0885740641920827,0.0,3.0,8.0,69.7884731734417,0.8183242917420133,0.8183242917420133,0.3699,0.0265,a,,False,False,current_season_history_only,X2_TEAM_CONSTRAINED_SIM_M7,2026-10-09T18:35:51.573649Z,official_2026-27_37972806849_1_team_current,official_2026-27_37972806849_1_minutes_current,official_2026-27_37972806849_1_xpoints_current,official_2026-27_37972806849_1_decision_current
phase9_frontend_v1,2026-27,6,player_code_474120,Enciso,team_ipswich,MID,55,1,FUL (H),FUL,Fulham,team_fulham,H,2026-10-10 14:00:00+00:00,1.8629914804652334,3.294372859820449,2.3856724335080033,0.0,1.0,5.0,39.95385899014566,0.5655071723019145,0.42393759930665903,0.1333,0.0136,a,,False,False,transferred_player,X2_TEAM_CONSTRAINED_SIM_M7,2026-10-09T18:35:51.573649Z,official_2026-27_37972806849_1_team_current,official_2026-27_37972806849_1_minutes_current,official_2026-27_37972806849_1_xpoints_current,official_2026-27_37972806849_1_decision_current
phase9_frontend_v1,2026-27,6,player_code_475168,João Pedro,team_chelsea,FWD,77,1,BOU (H),BOU,Bournemouth,team_bournemouth,H,2026-10-10 14:00:00+00:00,3.6390431165662966,4.61001589878899,3.162560329859337,0.0,3.0,7.0,59.58290019663581,0.7893775632145306,0.6678310286441935,0.3275,0.065,a,,False,False,returning_player,X2_TEAM_CONSTRAINED_SIM_M7,2026-10-09T18:35:51.573649Z,official_2026-27_37972806849_1_team_current,official_2026-27_37972806849_1_minutes_current,official_2026-27_37972806849_1_xpoints_current,official_2026-27_37972806849_1_decision_current
phase9_frontend_v1,2026-27,6,player_code_477064,Lewis,team_manchester_city,DEF,44,1,LIV (A),LIV,Liverpool,team_liverpool,A,2026-10-11 15:30:00+00:00,0.9088281771056718,2.5400030675279246,1.8705867288099745,0.0,0.0,2.0,25.300660976296186,0.3578059368212476,0.2398974659909309,0.0827,0.0034,a,,False,False,returning_player,X2_TEAM_CONSTRAINED_SIM_M7,2026-10-09T18:35:51.573649Z,official_2026-27_37972806849_1_team_current,official_2026-27_37972806849_1_minutes_current,official_2026-27_37972806849_1_xpoints_current,official_2026-27_37972806849_1_decision_current
phase9_frontend_v1,2026-27,6,player_code_477424,Gvardiol,team_manchester_city,DEF,57,1,LIV (A),LIV,Liverpool,team_liverpool,A,2026-10-11 15:30:00+00:00,2.862493430123041,3.5511813718615426,3.033354906699841,0.0,2.0,7.0,67.33842494753583,0.8060679335627713,0.7746592847523568,0.2643,0.0302,a,,False,False,returning_player,X2_TEAM_CONSTRAINED_SIM_M7,2026-10-09T18:35:51.573649Z,official_2026-27_37972806849_1_team_current,official_2026-27_37972806849_1_minutes_current,official_2026-27_37972806849_1_xpoints_current,official_2026-27_37972806849_1_decision_current
phase9_frontend_v1,2026-27,6,player_code_477555,Bobb,team_fulham,MID,55,1,IPS (A),IPS,Ipswich Town,team_ipswich,A,2026-10-10 14:00:00+00:00,1.7121482377709032,3.0894024952109898,2.2142772274491738,0.0,1.0,5.0,38.59177940330447,0.5542004450455953,0.39230856494611466,0.1189,0.0085,a,,False,False,returning_player,X2_TEAM_CONSTRAINED_SIM_M7,2026-10-09T18:35:51.573649Z,official_2026-27_37972806849_1_team_current,official_2026-27_37972806849_1_minutes_current,official_2026-27_37972806849_1_xpoints_current,official_2026-27_37972806849_1_decision_current
phase9_frontend_v1,2026-27,6,player_code_480455,Branthwaite,team_everton,DEF,55,1,HUL (A),HUL,Hull City,team_hull_city,A,2026-10-11 13:00:00+00:00,1.9361596073589644,2.996564613870936,2.5124218574912933,0.0,1.0,6.0,54.01554177090372,0.6461264337156576,0.6221310063636017,0.2049,0.0094,a,,False,False,returning_player,X2_TEAM_CONSTRAINED_SIM_M7,2026-10-09T18:35:51.573649Z,official_2026-27_37972806849_1_team_current,official_2026-27_37972806849_1_minutes_current,official_2026-27_37972806849_1_xpoints_current,official_2026-27_37972806849_1_decision_current
phase9_frontend_v1,2026-27,6,player_code_480457,Rudoni,team_coventry_city,MID,49,1,NEW (H),NEW,Newcastle,team_newcastle,H,2026-10-12 19:00:00+00:00,2.4353920767663717,2.8052424704562164,2.051405527924696,0.0,2.0,5.0,62.737833505467364,0.8681574239713774,0.7084250645994832,0.1411,0.0088,a,,False,False,current_season_history_only,X2_TEAM_CONSTRAINED_SIM_M7,2026-10-09T18:35:51.573649Z,official_2026-27_37972806849_1_team_current,official_2026-27_37972806849_1_minutes_current,official_2026-27_37972806849_1_xpoints_current,official_2026-27_37972806849_1_decision_current
phase9_frontend_v1,2026-27,6,player_code_481283,Wright,team_aston_villa,GKP,40,1,BRE (H),BRE,Brentford,team_brentford,H,2026-10-10 14:00:00+00:00,0.033750591096612645,3.2859290275398845,0.40500704932136666,0.0,0.0,0.0,0.8482219496618886,0.010271247739602307,0.010271247739602168,0.0025,0.0001,a,,False,False,returning_player,X2_TEAM_CONSTRAINED_SIM_M7,2026-10-09T18:35:51.573649Z,official_2026-27_37972806849_1_team_current,official_2026-27_37972806849_1_minutes_current,official_2026-27_37972806849_1_xpoints_current,official_2026-27_37972806849_1_decision_current
phase9_frontend_v1,2026-27,6,player_code_481624,Philogene,team_ipswich,MID,54,1,FUL (H),FUL,Fulham,team_fulham,H,2026-10-10 14:00:00+00:00,0.7008735265117676,2.42175776589191,1.4894774620651363,0.0,0.0,2.0,16.334772460513655,0.289406949110636,0.04791832104367556,0.0319,0.0021,a,,False,False,returning_player,X2_TEAM_CONSTRAINED_SIM_M7,2026-10-09T18:35:51.573649Z,official_2026-27_37972806849_1_team_current,official_2026-27_37972806849_1_minutes_current,official_2026-27_37972806849_1_xpoints_current,official_2026-27_37972806849_1_decision_current
phase9_frontend_v1,2026-27,6,player_code_481655,Zubimendi,team_arsenal,MID,53,1,LEE (H),LEE,Leeds,team_leeds,H,2026-10-10 11:30:00+00:00,2.9069173681700997,3.0062744350227213,2.0590152986318486,1.0,3.0,6.0,65.25019106848238,0.9669501008640049,0.5390202869866403,0.1457,0.0108,a,,False,False,returning_player,X2_TEAM_CONSTRAINED_SIM_M7,2026-10-09T18:35:51.573649Z,official_2026-27_37972806849_1_team_current,official_2026-27_37972806849_1_minutes_current,official_2026-27_37972806849_1_xpoints_current,official_2026-27_37972806849_1_decision_current
phase9_frontend_v1,2026-27,6,player_code_482609,Gusto,team_chelsea,DEF,49,1,BOU (H),BOU,Bournemouth,team_bournemouth,H,2026-10-10 14:00:00+00:00,2.215619389061928,2.8057030983609255,2.531876387187969,0.0,1.0,6.0,57.67526485381669,0.7896841937253728,0.5428674148336576,0.2188,0.0091,a,,False,False,returning_player,X2_TEAM_CONSTRAINED_SIM_M7,2026-10-09T18:35:51.573649Z,official_2026-27_37972806849_1_team_current,official_2026-27_37972806849_1_minutes_current,official_2026-27_37972806849_1_xpoints_current,official_2026-27_37972806849_1_decision_current
phase9_frontend_v1,2026-27,6,player_code_482616,Barcola,team_liverpool,MID,80,1,MCI (H),MCI,Man City,team_manchester_city,H,2026-10-11 15:30:00+00:00,2.3310538024730647,2.8068478718272774,2.122231445907821,0.0,2.0,5.0,56.917468720364,0.8304881165346281,0.5503322259136212,0.1343,0.0099,a,,False,False,current_season_history_only,X2_TEAM_CONSTRAINED_SIM_M7,2026-10-09T18:35:51.573649Z,official_2026-27_37972806849_1_team_current,official_2026-27_37972806849_1_minutes_current,official_2026-27_37972806849_1_xpoints_current,official_2026-27_37972806849_1_decision_current
phase9_frontend_v1,2026-27,6,player_code_482973,Igor Jesus,team_nottingham_forest,FWD,58,1,CRY (A),CRY,Crystal Palace,team_crystal_palace,A,2026-10-11 13:00:00+00:00,1.67755903322426,3.2064281931710825,2.2675846864009293,0.0,1.0,5.0,33.8077121353481,0.5231862159885743,0.24682994543523643,0.1259,0.0114,i,Calf injury - Unknown return date,False,False,returning_player,X2_TEAM_CONSTRAINED_SIM_M7,2026-10-09T18:35:51.573649Z,official_2026-27_37972806849_1_team_current,official_2026-27_37972806849_1_minutes_current,official_2026-27_37972806849_1_xpoints_current,official_2026-27_37972806849_1_decision_current
phase9_frontend_v1,2026-27,6,player_code_483067,Silva,team_bournemouth,DEF,50,1,CHE (A),CHE,Chelsea,team_chelsea,A,2026-10-10 14:00:00+00:00,1.9285734027345298,2.217185340437255,2.2812058214900293,0.0,1.0,6.0,71.0968216747957,0.8698295841854125,0.8474846625766873,0.175,0.0058,a,,False,False,current_season_history_only,X2_TEAM_CONSTRAINED_SIM_M7,2026-10-09T18:35:51.573649Z,official_2026-27_37972806849_1_team_current,official_2026-27_37972806849_1_minutes_current,official_2026-27_37972806849_1_xpoints_current,official_2026-27_37972806849_1_decision_current
phase9_frontend_v1,2026-27,6,player_code_484420,E.Le Fée,team_sunderland,MID,57,1,BHA (H),BHA,Brighton,team_brighton,H,2026-10-10 14:00:00+00:00,3.3298874295268046,3.556387326195491,2.5369201485265553,1.0,3.0,7.0,74.88833793993481,0.9363118029916644,0.8802968827313212,0.2331,0.028,a,,False,False,returning_player,X2_TEAM_CONSTRAINED_SIM_M7,2026-10-09T18:35:51.573649Z,official_2026-27_37972806849_1_team_current,official_2026-27_37972806849_1_minutes_current,official_2026-27_37972806849_1_xpoints_current,official_2026-27_37972806849_1_decision_current
phase9_frontend_v1,2026-27,6,player_code_485055,Kinsky,team_tottenham_hotspur,GKP,45,1,MUN (A),MUN,Man Utd,team_manchester_united,A,2026-10-10 16:30:00+00:00,1.2196245366214908,2.485164994119165,1.894459025685169,0.0,0.0,3.0,42.9795479697295,0.4907619974961748,0.4907619974961747,0.0767,0.0009,a,,False,False,returning_player,X2_TEAM_CONSTRAINED_SIM_M7,2026-10-09T18:35:51.573649Z,official_2026-27_37972806849_1_team_current,official_2026-27_37972806849_1_minutes_current,official_2026-27_37972806849_1_xpoints_current,official_2026-27_37972806849_1_decision_current
phase9_frontend_v1,2026-27,6,player_code_485337,Guessand,team_crystal_palace,MID,54,1,NFO (H),NFO,Nott'm Forest,team_nottingham_forest,H,2026-10-11 13:00:00+00:00,1.2676721117406673,2.7961271336908506,1.8775459621537895,0.0,0.0,3.0,27.55896063581202,0.4533671221406006,0.15604156358238494,0.0679,0.0043,a,,False,False,returning_player,X2_TEAM_CONSTRAINED_SIM_M7,2026-10-09T18:35:51.573649Z,official_2026-27_37972806849_1_team_current,official_2026-27_37972806849_1_minutes_current,official_2026-27_37972806849_1_xpoints_current,official_2026-27_37972806849_1_decision_current
phase9_frontend_v1,2026-27,6,player_code_485711,Šeško,team_manchester_united,FWD,70,1,TOT (H),TOT,Spurs,team_tottenham_hotspur,H,2026-10-10 16:30:00+00:00,1.7474327343270462,4.182509375788967,2.715182196464908,0.0,0.0,6.0,24.55268711910384,0.4177952940027587,0.12445292415864062,0.1588,0.0271,i,Shin injury - Expected back 18 Oct,False,False,returning_player,X2_TEAM_CONSTRAINED_SIM_M7,2026-10-09T18:35:51.573649Z,official_2026-27_37972806849_1_team_current,official_2026-27_37972806849_1_minutes_current,official_2026-27_37972806849_1_xpoints_current,official_2026-27_37972806849_1_decision_current
phase9_frontend_v1,2026-27,6,player_code_486520,Gruev,team_leeds,MID,50,1,ARS (A),ARS,Arsenal,team_arsenal,A,2026-10-10 11:30:00+00:00,1.1130323661201456,2.328929060318839,1.552113281948196,0.0,0.0,3.0,31.081701686372334,0.47791595934990283,0.2479564571994063,0.0436,0.0015,a,,False,False,returning_player,X2_TEAM_CONSTRAINED_SIM_M7,2026-10-09T18:35:51.573649Z,official_2026-27_37972806849_1_team_current,official_2026-27_37972806849_1_minutes_current,official_2026-27_37972806849_1_xpoints_current,official_2026-27_37972806849_1_decision_current
phase9_frontend_v1,2026-27,6,player_code_486672,Caicedo,team_chelsea,MID,53,1,BOU (H),BOU,Bournemouth,team_bournemouth,H,2026-10-10 14:00:00+00:00,1.6306503471313942,2.368013712481113,1.6523858992378264,0.0,2.0,3.0,52.508951885485544,0.6886152468360759,0.5598382204246715,0.0559,0.0018,a,,False,False,returning_player,X2_TEAM_CONSTRAINED_SIM_M7,2026-10-09T18:35:51.573649Z,official_2026-27_37972806849_1_team_current,official_2026-27_37972806849_1_minutes_current,official_2026-27_37972806849_1_xpoints_current,official_2026-27_37972806849_1_decision_current
phase9_frontend_v1,2026-27,6,player_code_487053,Udogie,team_tottenham_hotspur,DEF,44,1,MUN (A),MUN,Man Utd,team_manchester_united,A,2026-10-10 16:30:00+00:00,1.1634359302987052,1.9465518446242844,1.9368457243673283,0.0,0.0,4.0,45.44797678308187,0.5976906977904135,0.47006741483365766,0.0943,0.0032,a,,False,False,returning_player,X2_TEAM_CONSTRAINED_SIM_M7,2026-10-09T18:35:51.573649Z,official_2026-27_37972806849_1_team_current,official_2026-27_37972806849_1_minutes_current,official_2026-27_37972806849_1_xpoints_current,official_2026-27_37972806849_1_decision_current
phase9_frontend_v1,2026-27,6,player_code_487117,Ferguson,team_brighton,FWD,50,1,SUN (A),SUN,Sunderland,team_sunderland,A,2026-10-10 14:00:00+00:00,0.6928449502667705,3.2547320531699113,1.7375491906705836,0.0,0.0,2.0,12.409073205021087,0.21287311488267724,0.059577768578836135,0.0592,0.0061,i,Ankle injury - Expected back 10 Oct,False,False,returning_player,X2_TEAM_CONSTRAINED_SIM_M7,2026-10-09T18:35:51.573649Z,official_2026-27_37972806849_1_team_current,official_2026-27_37972806849_1_minutes_current,official_2026-27_37972806849_1_xpoints_current,official_2026-27_37972806849_1_decision_current
phase9_frontend_v1,2026-27,6,player_code_487676,Hume,team_sunderland,DEF,43,1,BHA (H),BHA,Brighton,team_brighton,H,2026-10-10 14:00:00+00:00,2.2300306045301226,2.5255632888673705,2.4221209197725866,0.0,1.0,6.0,65.71261876042836,0.8829834573380324,0.6473338728625506,0.2041,0.0094,a,,False,False,returning_player,X2_TEAM_CONSTRAINED_SIM_M7,2026-10-09T18:35:51.573649Z,official_2026-27_37972806849_1_team_current,official_2026-27_37972806849_1_minutes_current,official_2026-27_37972806849_1_xpoints_current,official_2026-27_37972806849_1_decision_current
phase9_frontend_v1,2026-27,6,player_code_487838,Hall,team_newcastle,DEF,53,1,COV (A),COV,Coventry City,team_coventry_city,A,2026-10-12 19:00:00+00:00,2.5792336196085843,3.586737097599527,2.822816118701323,0.0,2.0,7.0,56.35240979174691,0.7191030592498044,0.620691892782147,0.2749,0.0172,a,,False,False,returning_player,X2_TEAM_CONSTRAINED_SIM_M7,2026-10-09T18:35:51.573649Z,official_2026-27_37972806849_1_team_current,official_2026-27_37972806849_1_minutes_current,official_2026-27_37972806849_1_xpoints_current,official_2026-27_37972806849_1_decision_current
phase9_frontend_v1,2026-27,6,player_code_487992,Ruggeri,team_aston_villa,DEF,45,1,BRE (H),BRE,Brentford,team_brentford,H,2026-10-10 14:00:00+00:00,1.486110599495524,2.570648113611376,2.2375338544924857,0.0,1.0,6.0,37.46423060222775,0.5781073619631902,0.26404021813224265,0.137,0.0073,a,,False,False,current_season_history_only,X2_TEAM_CONSTRAINED_SIM_M7,2026-10-09T18:35:51.573649Z,official_2026-27_37972806849_1_team_current,official_2026-27_37972806849_1_minutes_current,official_2026-27_37972806849_1_xpoints_current,official_2026-27_37972806849_1_decision_current
phase9_frontend_v1,2026-27,6,player_code_488024,Yeremy,team_crystal_palace,MID,55,1,NFO (H),NFO,Nott'm Forest,team_nottingham_forest,H,2026-10-11 13:00:00+00:00,2.623544347719852,2.81049506028063,1.9651774449143262,1.0,2.0,5.0,68.99750424503554,0.9334812164579607,0.7425767441860467,0.1425,0.01,a,,False,False,returning_player,X2_TEAM_CONSTRAINED_SIM_M7,2026-10-09T18:35:51.573649Z,official_2026-27_37972806849_1_team_current,official_2026-27_37972806849_1_minutes_current,official_2026-27_37972806849_1_xpoints_current,official_2026-27_37972806849_1_decision_current
phase9_frontend_v1,2026-27,6,player_code_489639,Verbruggen,team_brighton,GKP,45,1,SUN (A),SUN,Sunderland,team_sunderland,A,2026-10-10 14:00:00+00:00,2.999750283807348,3.4425350201533047,2.498228922657009,0.0,2.0,7.0,76.31284668403843,0.8713782913597671,0.8713782913597671,0.2653,0.0044,a,,False,False,returning_player,X2_TEAM_CONSTRAINED_SIM_M7,2026-10-09T18:35:51.573649Z,official_2026-27_37972806849_1_team_current,official_2026-27_37972806849_1_minutes_current,official_2026-27_37972806849_1_xpoints_current,official_2026-27_37972806849_1_decision_current
phase9_frontend_v1,2026-27,6,player_code_489888,Adli,team_bournemouth,MID,49,1,CHE (A),CHE,Chelsea,team_chelsea,A,2026-10-10 14:00:00+00:00,1.054406395192077,2.956707300699253,1.9130848778870215,0.0,0.0,3.0,20.60842649811939,0.3566150747971275,0.078788675429727,0.0683,0.0055,i,Calf injury - Unknown return date,False,False,returning_player,X2_TEAM_CONSTRAINED_SIM_M7,2026-10-09T18:35:51.573649Z,official_2026-27_37972806849_1_team_current,official_2026-27_37972806849_1_minutes_current,official_2026-27_37972806849_1_xpoints_current,official_2026-27_37972806849_1_decision_current
phase9_frontend_v1,2026-27,6,player_code_490094,Iroegbunam,team_hull_city,MID,50,1,EVE (H),EVE,Everton,team_everton,H,2026-10-11 13:00:00+00:00,0.985315140469347,2.2061383934436223,1.501828801827958,0.0,0.0,3.0,26.040748537413968,0.4466243565669248,0.10816120179113102,0.0348,0.0011,a,,False,False,transferred_player,X2_TEAM_CONSTRAINED_SIM_M7,2026-10-09T18:35:51.573649Z,official_2026-27_37972806849_1_team_current,official_2026-27_37972806849_1_minutes_current,official_2026-27_37972806849_1_xpoints_current,official_2026-27_37972806849_1_decision_current
phase9_frontend_v1,2026-27,6,player_code_490884,Cho,team_hull_city,MID,50,1,EVE (H),EVE,Everton,team_everton,H,2026-10-11 13:00:00+00:00,2.4804299487130272,2.9124065247051907,2.230853253802231,0.0,2.0,6.0,46.623690390741686,0.8516771019677996,0.08154069767441863,0.1346,0.0122,a,,False,False,current_season_history_only,X2_TEAM_CONSTRAINED_SIM_M7,2026-10-09T18:35:51.573649Z,official_2026-27_37972806849_1_team_current,official_2026-27_37972806849_1_minutes_current,official_2026-27_37972806849_1_xpoints_current,official_2026-27_37972806849_1_decision_current
phase9_frontend_v1,2026-27,6,player_code_491279,Van de Ven,team_tottenham_hotspur,DEF,50,1,MUN (A),MUN,Man Utd,team_manchester_united,A,2026-10-10 16:30:00+00:00,1.667942117372666,2.3263277498250754,2.3938458409012053,0.0,1.0,6.0,60.54715473580693,0.7169850067335028,0.70899099206943,0.1498,0.0083,a,,False,False,returning_player,X2_TEAM_CONSTRAINED_SIM_M7,2026-10-09T18:35:51.573649Z,official_2026-27_37972806849_1_team_current,official_2026-27_37972806849_1_minutes_current,official_2026-27_37972806849_1_xpoints_current,official_2026-27_37972806849_1_decision_current
phase9_frontend_v1,2026-27,6,player_code_491501,McConnell,team_liverpool,MID,44,1,MCI (H),MCI,Man City,team_manchester_city,H,2026-10-11 15:30:00+00:00,0.08937172761574828,2.71357730230078,0.6161022561231211,0.0,0.0,0.0,1.8951618355824302,0.03293502180312757,0.006942711287577994,0.0057,0.0004,a,,False,False,returning_player,X2_TEAM_CONSTRAINED_SIM_M7,2026-10-09T18:35:51.573649Z,official_2026-27_37972806849_1_team_current,official_2026-27_37972806849_1_minutes_current,official_2026-27_37972806849_1_xpoints_current,official_2026-27_37972806849_1_decision_current
phase9_frontend_v1,2026-27,6,player_code_49262,Steele,team_brighton,GKP,40,1,SUN (A),SUN,Sunderland,team_sunderland,A,2026-10-10 14:00:00+00:00,0.6719280323826061,3.4272065938955043,1.7604876483520129,0.0,0.0,3.0,15.501908787854713,0.19605705520625327,0.15664304246739974,0.0576,0.0019,a,,False,False,returning_player,X2_TEAM_CONSTRAINED_SIM_M7,2026-10-09T18:35:51.573649Z,official_2026-27_37972806849_1_team_current,official_2026-27_37972806849_1_minutes_current,official_2026-27_37972806849_1_xpoints_current,official_2026-27_37972806849_1_decision_current
phase9_frontend_v1,2026-27,6,player_code_492777,Bradley,team_liverpool,DEF,50,1,MCI (H),MCI,Man City,team_manchester_city,H,2026-10-11 15:30:00+00:00,0.5224068474136296,2.4505459874466466,1.5023274975849974,0.0,0.0,2.0,13.630186439580893,0.2131797771148759,0.0906733156976417,0.0437,0.0026,i,Knee injury - Unknown return date,False,False,returning_player,X2_TEAM_CONSTRAINED_SIM_M7,2026-10-09T18:35:51.573649Z,official_2026-27_37972806849_1_team_current,official_2026-27_37972806849_1_minutes_current,official_2026-27_37972806849_1_xpoints_current,official_2026-27_37972806849_1_decision_current
phase9_frontend_v1,2026-27,6,player_code_493105,Garnacho,team_aston_villa,MID,58,1,BRE (H),BRE,Brentford,team_brentford,H,2026-10-10 14:00:00+00:00,2.3851026122102823,3.518843721196835,2.7224186140268727,0.0,2.0,7.0,43.380139768062634,0.6778086215772768,0.32281958688429874,0.1861,0.0259,a,,False,False,transferred_player,X2_TEAM_CONSTRAINED_SIM_M7,2026-10-09T18:35:51.573649Z,official_2026-27_37972806849_1_team_current,official_2026-27_37972806849_1_minutes_current,official_2026-27_37972806849_1_xpoints_current,official_2026-27_37972806849_1_decision_current
phase9_frontend_v1,2026-27,6,player_code_493250,Amad,team_manchester_united,MID,57,1,TOT (H),TOT,Spurs,team_tottenham_hotspur,H,2026-10-10 16:30:00+00:00,0.8111652660356262,3.8254407701726834,2.0489801145935993,0.0,0.0,3.0,13.898195471921458,0.2120449158069201,0.10300794453271706,0.0661,0.0096,i,Unspecified injury - Unknown return date,False,False,returning_player,X2_TEAM_CONSTRAINED_SIM_M7,2026-10-09T18:35:51.573649Z,official_2026-27_37972806849_1_team_current,official_2026-27_37972806849_1_minutes_current,official_2026-27_37972806849_1_xpoints_current,official_2026-27_37972806849_1_decision_current
phase9_frontend_v1,2026-27,6,player_code_493362,Xavi,team_tottenham_hotspur,MID,59,1,MUN (A),MUN,Man Utd,team_manchester_united,A,2026-10-10 16:30:00+00:00,0.8679763107753657,2.563024212154236,1.6294783674538302,0.0,0.0,3.0,21.767655137288067,0.3386531842576028,0.14864270613107822,0.0465,0.002,i,Knee injury - Unknown return date,False,False,returning_player,X2_TEAM_CONSTRAINED_SIM_M7,2026-10-09T18:35:51.573649Z,official_2026-27_37972806849_1_team_current,official_2026-27_37972806849_1_minutes_current,official_2026-27_37972806849_1_xpoints_current,official_2026-27_37972806849_1_decision_current
phase9_frontend_v1,2026-27,6,player_code_494521,Truffert,team_bournemouth,DEF,54,1,CHE (A),CHE,Chelsea,team_chelsea,A,2026-10-10 14:00:00+00:00,2.9775797680747305,3.0780177243201887,2.5862298737737914,0.0,2.0,7.0,81.86046756709274,0.9673692729408694,0.961767915415742,0.2555,0.0187,a,,False,False,returning_player,X2_TEAM_CONSTRAINED_SIM_M7,2026-10-09T18:35:51.573649Z,official_2026-27_37972806849_1_team_current,official_2026-27_37972806849_1_minutes_current,official_2026-27_37972806849_1_xpoints_current,official_2026-27_37972806849_1_decision_current
phase9_frontend_v1,2026-27,6,player_code_494595,Wirtz,team_liverpool,MID,73,1,MCI (H),MCI,Man City,team_manchester_city,H,2026-10-11 15:30:00+00:00,3.085785412236196,3.465794703880151,2.3994735901859805,0.0,3.0,7.0,67.97502868046807,0.8903543561831537,0.7883819891143,0.2013,0.0173,a,,False,False,returning_player,X2_TEAM_CONSTRAINED_SIM_M7,2026-10-09T18:35:51.573649Z,official_2026-27_37972806849_1_team_current,official_2026-27_37972806849_1_minutes_current,official_2026-27_37972806849_1_xpoints_current,official_2026-27_37972806849_1_decision_current
phase9_frontend_v1,2026-27,6,player_code_494928,Sanchez,team_bournemouth,DEF,44,1,CHE (A),CHE,Chelsea,team_chelsea,A,2026-10-10 14:00:00+00:00,0.26400549017390346,2.310284264406565,1.1388762004713242,0.0,0.0,1.0,8.50345769725876,0.1142740286298568,0.09192910702113159,0.0241,0.0016,a,,False,False,current_season_history_only,X2_TEAM_CONSTRAINED_SIM_M7,2026-10-09T18:35:51.573649Z,official_2026-27_37972806849_1_team_current,official_2026-27_37972806849_1_minutes_current,official_2026-27_37972806849_1_xpoints_current,official_2026-27_37972806849_1_decision_current
phase9_frontend_v1,2026-27,6,player_code_496181,Norton-Cuffy,team_hull_city,DEF,40,1,EVE (H),EVE,Everton,team_everton,H,2026-10-11 13:00:00+00:00,1.7679796751336223,2.9267959046594267,2.3913253877295744,0.0,1.0,6.0,34.78915662729522,0.6040666082383873,0.1181945661700263,0.194,0.0044,a,,False,False,current_season_history_only,X2_TEAM_CONSTRAINED_SIM_M7,2026-10-09T18:35:51.573649Z,official_2026-27_37972806849_1_team_current,official_2026-27_37972806849_1_minutes_current,official_2026-27_37972806849_1_xpoints_current,official_2026-27_37972806849_1_decision_current
phase9_frontend_v1,2026-27,6,player_code_496208,Gannon-Doak,team_bournemouth,MID,49,1,CHE (A),CHE,Chelsea,team_chelsea,A,2026-10-10 14:00:00+00:00,0.8755215731681176,2.689469889738432,1.7284491054121323,0.0,0.0,3.0,17.20314363392322,0.32553685635546104,0.005769956002514143,0.0526,0.004,a,,False,False,returning_player,X2_TEAM_CONSTRAINED_SIM_M7,2026-10-09T18:35:51.573649Z,official_2026-27_37972806849_1_team_current,official_2026-27_37972806849_1_minutes_current,official_2026-27_37972806849_1_xpoints_current,official_2026-27_37972806849_1_decision_current
phase9_frontend_v1,2026-27,6,player_code_496221,Wharton,team_crystal_palace,MID,54,1,NFO (H),NFO,Nott'm Forest,team_nottingham_forest,H,2026-10-11 13:00:00+00:00,2.230802850267438,2.6948941872634973,1.8076295970137244,0.0,2.0,5.0,63.70756107447333,0.8277886607981013,0.7518213216670504,0.1125,0.0029,a,,False,False,returning_player,X2_TEAM_CONSTRAINED_SIM_M7,2026-10-09T18:35:51.573649Z,official_2026-27_37972806849_1_team_current,official_2026-27_37972806849_1_minutes_current,official_2026-27_37972806849_1_xpoints_current,official_2026-27_37972806849_1_decision_current
phase9_frontend_v1,2026-27,6,player_code_496661,Dibling,team_everton,MID,53,1,HUL (A),HUL,Hull City,team_hull_city,A,2026-10-11 13:00:00+00:00,1.1955651860362095,2.3842827078872326,1.6751391106412625,0.0,0.0,3.0,31.597441203422157,0.5014360008908622,0.21848136732978427,0.0448,0.0025,a,,False,False,returning_player,X2_TEAM_CONSTRAINED_SIM_M7,2026-10-09T18:35:51.573649Z,official_2026-27_37972806849_1_team_current,official_2026-27_37972806849_1_minutes_current,official_2026-27_37972806849_1_xpoints_current,official_2026-27_37972806849_1_decision_current
phase9_frontend_v1,2026-27,6,player_code_498016,Roefs,team_sunderland,GKP,49,1,BHA (H),BHA,Brighton,team_brighton,H,2026-10-10 14:00:00+00:00,3.016715922533603,3.320543549296521,2.3884218639093056,0.0,2.0,7.0,79.56391655148634,0.9085006348351353,0.9085006348351353,0.2216,0.0057,a,,False,False,returning_player,X2_TEAM_CONSTRAINED_SIM_M7,2026-10-09T18:35:51.573649Z,official_2026-27_37972806849_1_team_current,official_2026-27_37972806849_1_minutes_current,official_2026-27_37972806849_1_xpoints_current,official_2026-27_37972806849_1_decision_current
phase9_frontend_v1,2026-27,6,player_code_498444,Chavarria,team_chelsea,DEF,49,1,BOU (H),BOU,Bournemouth,team_bournemouth,H,2026-10-10 14:00:00+00:00,2.137810491784444,2.4577348605433835,2.2996702024420808,0.0,1.0,6.0,52.68784384588642,0.8698295841854125,0.26404021813224265,0.1998,0.0064,a,,False,False,current_season_history_only,X2_TEAM_CONSTRAINED_SIM_M7,2026-10-09T18:35:51.573649Z,official_2026-27_37972806849_1_team_current,official_2026-27_37972806849_1_minutes_current,official_2026-27_37972806849_1_xpoints_current,official_2026-27_37972806849_1_decision_current
phase9_frontend_v1,2026-27,6,player_code_499169,Lewis-Skelly,team_arsenal,MID,54,1,LEE (H),LEE,Leeds,team_leeds,H,2026-10-10 11:30:00+00:00,1.2642617848705968,2.3429885916907502,1.6767711710308,0.0,1.0,3.0,37.53670526157089,0.539593658011915,0.3804095341592407,0.0412,0.0009,a,,False,False,position_change,X2_TEAM_CONSTRAINED_SIM_M7,2026-10-09T18:35:51.573649Z,official_2026-27_37972806849_1_team_current,official_2026-27_37972806849_1_minutes_current,official_2026-27_37972806849_1_xpoints_current,official_2026-27_37972806849_1_decision_current
phase9_frontend_v1,2026-27,6,player_code_499604,Rayan,team_bournemouth,MID,63,1,CHE (A),CHE,Chelsea,team_chelsea,A,2026-10-10 14:00:00+00:00,3.304346382854418,3.533012562670937,2.6770773447922642,1.0,2.0,7.0,72.1458425417861,0.9352772808586763,0.8555813953488371,0.2459,0.032,a,,False,False,returning_player,X2_TEAM_CONSTRAINED_SIM_M7,2026-10-09T18:35:51.573649Z,official_2026-27_37972806849_1_team_current,official_2026-27_37972806849_1_minutes_current,official_2026-27_37972806849_1_xpoints_current,official_2026-27_37972806849_1_decision_current
phase9_frontend_v1,2026-27,6,player_code_499716,Rowswell,team_tottenham_hotspur,DEF,40,1,MUN (A),MUN,Man Utd,team_manchester_united,A,2026-10-10 16:30:00+00:00,0.11738239419865186,1.9358235501116245,0.7205308876099621,0.0,0.0,0.0,3.973172913073342,0.06063692850099034,0.02927275741999669,0.0099,0.0002,a,,False,False,returning_player,X2_TEAM_CONSTRAINED_SIM_M7,2026-10-09T18:35:51.573649Z,official_2026-27_37972806849_1_team_current,official_2026-27_37972806849_1_minutes_current,official_2026-27_37972806849_1_xpoints_current,official_2026-27_37972806849_1_decision_current
phase9_frontend_v1,2026-27,6,player_code_499726,Olusesi,team_tottenham_hotspur,MID,44,1,MUN (A),MUN,Man Utd,team_manchester_united,A,2026-10-10 16:30:00+00:00,0.07799389623078297,2.5776718257054,0.556975798397022,0.0,0.0,0.0,1.866658304697426,0.03025749649470577,0.011539912005028286,0.0046,0.0002,a,,False,False,returning_player,X2_TEAM_CONSTRAINED_SIM_M7,2026-10-09T18:35:51.573649Z,official_2026-27_37972806849_1_team_current,official_2026-27_37972806849_1_minutes_current,official_2026-27_37972806849_1_xpoints_current,official_2026-27_37972806849_1_decision_current
phase9_frontend_v1,2026-27,6,player_code_500033,Ángel,team_fulham,MID,50,1,IPS (A),IPS,Ipswich Town,team_ipswich,A,2026-10-10 14:00:00+00:00,0.48101955361775034,3.3225587172219893,1.4577358299774346,0.0,0.0,2.0,9.855250769727375,0.14477383082034245,0.09318936877076414,0.0324,0.0034,a,,False,False,current_season_history_only,X2_TEAM_CONSTRAINED_SIM_M7,2026-10-09T18:35:51.573649Z,official_2026-27_37972806849_1_team_current,official_2026-27_37972806849_1_minutes_current,official_2026-27_37972806849_1_xpoints_current,official_2026-27_37972806849_1_decision_current
phase9_frontend_v1,2026-27,6,player_code_500040,Mosquera,team_arsenal,DEF,53,1,LEE (H),LEE,Leeds,team_leeds,H,2026-10-10 11:30:00+00:00,1.418651033987829,3.2354785284487066,2.3055178246979566,0.0,0.0,6.0,30.185764915813337,0.4384671452812948,0.2643551494582953,0.1752,0.0026,a,,False,False,returning_player,X2_TEAM_CONSTRAINED_SIM_M7,2026-10-09T18:35:51.573649Z,official_2026-27_37972806849_1_team_current,official_2026-27_37972806849_1_minutes_current,official_2026-27_37972806849_1_xpoints_current,official_2026-27_37972806849_1_decision_current
phase9_frontend_v1,2026-27,6,player_code_500058,Danns,team_liverpool,FWD,45,1,MCI (H),MCI,Man City,team_manchester_city,H,2026-10-11 15:30:00+00:00,0.15267080881301118,3.0967401178101768,0.8353317364975427,0.0,0.0,0.0,2.7541401191770576,0.0493004911632593,0.00924898199068049,0.0121,0.0013,a,,False,False,returning_player,X2_TEAM_CONSTRAINED_SIM_M7,2026-10-09T18:35:51.573649Z,official_2026-27_37972806849_1_team_current,official_2026-27_37972806849_1_minutes_current,official_2026-27_37972806849_1_xpoints_current,official_2026-27_37972806849_1_decision_current
phase9_frontend_v1,2026-27,6,player_code_500151,Savona,team_nottingham_forest,DEF,45,1,CRY (A),CRY,Crystal Palace,team_crystal_palace,A,2026-10-11 13:00:00+00:00,0.5041489212175084,2.8344558302896585,1.554977093078866,0.0,0.0,1.0,12.074639726486183,0.17786444785276068,0.0920770775237033,0.0492,0.0038,i,Knee injury - Unknown return date,False,False,returning_player,X2_TEAM_CONSTRAINED_SIM_M7,2026-10-09T18:35:51.573649Z,official_2026-27_37972806849_1_team_current,official_2026-27_37972806849_1_minutes_current,official_2026-27_37972806849_1_xpoints_current,official_2026-27_37972806849_1_decision_current
phase9_frontend_v1,2026-27,6,player_code_50093,Button,team_ipswich,GKP,40,1,FUL (H),FUL,Fulham,team_fulham,H,2026-10-10 14:00:00+00:00,0.1835887799062238,2.924844294472718,0.8766572648418538,0.0,0.0,0.0,5.183578581267098,0.06276873618645762,0.06276873618645772,0.012,0.0,a,,False,False,current_season_history_only,X2_TEAM_CONSTRAINED_SIM_M7,2026-10-09T18:35:51.573649Z,official_2026-27_37972806849_1_team_current,official_2026-27_37972806849_1_minutes_current,official_2026-27_37972806849_1_xpoints_current,official_2026-27_37972806849_1_decision_current
phase9_frontend_v1,2026-27,6,player_code_501390,Núñez,team_ipswich,MID,49,1,FUL (H),FUL,Fulham,team_fulham,H,2026-10-10 14:00:00+00:00,1.0382391804189368,2.9510178752570835,1.8068688386266447,0.0,0.0,3.0,26.865056898299837,0.3518240906380442,0.311702842377261,0.0597,0.0042,a,,False,False,current_season_history_only,X2_TEAM_CONSTRAINED_SIM_M7,2026-10-09T18:35:51.573649Z,official_2026-27_37972806849_1_team_current,official_2026-27_37972806849_1_minutes_current,official_2026-27_37972806849_1_xpoints_current,official_2026-27_37972806849_1_decision_current
phase9_frontend_v1,2026-27,6,player_code_501459,Sakamoto,team_coventry_city,MID,48,1,NEW (H),NEW,Newcastle,team_newcastle,H,2026-10-12 19:00:00+00:00,0.6474177185999757,2.7880341569144957,1.573176646152618,0.0,0.0,2.0,14.202949234563,0.23221297952693298,0.08351457077232273,0.04,0.0025,a,,False,False,current_season_history_only,X2_TEAM_CONSTRAINED_SIM_M7,2026-10-09T18:35:51.573649Z,official_2026-27_37972806849_1_team_current,official_2026-27_37972806849_1_minutes_current,official_2026-27_37972806849_1_xpoints_current,official_2026-27_37972806849_1_decision_current
phase9_frontend_v1,2026-27,6,player_code_50175,Welbeck,team_chelsea,FWD,59,1,BOU (H),BOU,Bournemouth,team_bournemouth,H,2026-10-10 14:00:00+00:00,2.842787699696033,3.568227380054244,2.635758099674551,0.0,2.0,6.0,53.486829265044385,0.7966946600955731,0.44495745252527413,0.2447,0.0297,a,,False,False,transferred_player,X2_TEAM_CONSTRAINED_SIM_M7,2026-10-09T18:35:51.573649Z,official_2026-27_37972806849_1_team_current,official_2026-27_37972806849_1_minutes_current,official_2026-27_37972806849_1_xpoints_current,official_2026-27_37972806849_1_decision_current
phase9_frontend_v1,2026-27,6,player_code_501902,Hughes,team_hull_city,DEF,39,1,EVE (H),EVE,Everton,team_everton,H,2026-10-11 13:00:00+00:00,0.2045996051641644,3.2553265739987087,1.0149126267812416,0.0,0.0,0.0,4.422898471513593,0.06285071574642132,0.0413680981595092,0.0231,0.0004,i,Groin injury - Unknown return date,False,False,current_season_history_only,X2_TEAM_CONSTRAINED_SIM_M7,2026-10-09T18:35:51.573649Z,official_2026-27_37972806849_1_team_current,official_2026-27_37972806849_1_minutes_current,official_2026-27_37972806849_1_xpoints_current,official_2026-27_37972806849_1_decision_current
phase9_frontend_v1,2026-27,6,player_code_502500,Thiago,team_brentford,FWD,78,1,AVL (A),AVL,Aston Villa,team_aston_villa,A,2026-10-10 14:00:00+00:00,2.752148485674865,3.783564060933867,2.827003712413551,0.0,2.0,7.0,56.00054913462427,0.7273957679457326,0.653157841449833,0.2388,0.0394,a,,False,False,returning_player,X2_TEAM_CONSTRAINED_SIM_M7,2026-10-09T18:35:51.573649Z,official_2026-27_37972806849_1_team_current,official_2026-27_37972806849_1_minutes_current,official_2026-27_37972806849_1_xpoints_current,official_2026-27_37972806849_1_decision_current
phase9_frontend_v1,2026-27,6,player_code_502697,Alcaraz,team_everton,MID,49,1,HUL (A),HUL,Hull City,team_hull_city,A,2026-10-11 13:00:00+00:00,1.3055311122290638,2.8034159809815544,1.9770644906021655,0.0,0.0,4.0,28.9012157445322,0.465692969251021,0.1846599385695481,0.0746,0.0061,a,,False,False,returning_player,X2_TEAM_CONSTRAINED_SIM_M7,2026-10-09T18:35:51.573649Z,official_2026-27_37972806849_1_team_current,official_2026-27_37972806849_1_minutes_current,official_2026-27_37972806849_1_xpoints_current,official_2026-27_37972806849_1_decision_current
phase9_frontend_v1,2026-27,6,player_code_503037,Emegha,team_chelsea,FWD,49,1,BOU (H),BOU,Bournemouth,team_bournemouth,H,2026-10-10 14:00:00+00:00,0.21509351706912502,3.520924119566914,1.006557221423601,0.0,0.0,0.0,3.8736011224558546,0.06109007458405047,0.028967297762478486,0.0166,0.0022,i,Hamstring injury - Expected back 10 Oct,False,False,current_season_history_only,X2_TEAM_CONSTRAINED_SIM_M7,2026-10-09T18:35:51.573649Z,official_2026-27_37972806849_1_team_current,official_2026-27_37972806849_1_minutes_current,official_2026-27_37972806849_1_xpoints_current,official_2026-27_37972806849_1_decision_current
phase9_frontend_v1,2026-27,6,player_code_503139,Scott,team_bournemouth,MID,61,1,CHE (A),CHE,Chelsea,team_chelsea,A,2026-10-10 14:00:00+00:00,1.1489295030659827,2.6498017986445697,1.7582115885182874,0.0,0.0,3.0,29.5842930284094,0.4335907325799555,0.28190470788428823,0.0556,0.003,i,Thigh injury - Unknown return date,False,False,returning_player,X2_TEAM_CONSTRAINED_SIM_M7,2026-10-09T18:35:51.573649Z,official_2026-27_37972806849_1_team_current,official_2026-27_37972806849_1_minutes_current,official_2026-27_37972806849_1_xpoints_current,official_2026-27_37972806849_1_decision_current
phase9_frontend_v1,2026-27,6,player_code_507433,Valdimarsson,team_brentford,GKP,45,1,AVL (A),AVL,Aston Villa,team_aston_villa,A,2026-10-10 14:00:00+00:00,0.08906657546765274,2.6455999989451184,0.6378588872156599,0.0,0.0,0.0,2.4190688361145276,0.03366592663409673,0.021160483856809284,0.0069,0.0002,a,,False,False,returning_player,X2_TEAM_CONSTRAINED_SIM_M7,2026-10-09T18:35:51.573649Z,official_2026-27_37972806849_1_team_current,official_2026-27_37972806849_1_minutes_current,official_2026-27_37972806849_1_xpoints_current,official_2026-27_37972806849_1_decision_current
phase9_frontend_v1,2026-27,6,player_code_508395,Yarmoliuk,team_brentford,MID,48,1,AVL (A),AVL,Aston Villa,team_aston_villa,A,2026-10-10 14:00:00+00:00,1.845473930965891,2.106340723437802,1.488901739538241,0.0,2.0,3.0,56.999507909036225,0.8761516645577906,0.4553199470599358,0.0604,0.0018,a,,False,False,returning_player,X2_TEAM_CONSTRAINED_SIM_M7,2026-10-09T18:35:51.573649Z,official_2026-27_37972806849_1_team_current,official_2026-27_37972806849_1_minutes_current,official_2026-27_37972806849_1_xpoints_current,official_2026-27_37972806849_1_decision_current
phase9_frontend_v1,2026-27,6,player_code_509416,Ayari,team_brighton,MID,54,1,SUN (A),SUN,Sunderland,team_sunderland,A,2026-10-10 14:00:00+00:00,1.7973055117078545,2.9567160053903465,2.120349320277204,0.0,2.0,4.0,45.04838602311169,0.6078722164831565,0.48792361611529644,0.0969,0.007,a,,False,False,returning_player,X2_TEAM_CONSTRAINED_SIM_M7,2026-10-09T18:35:51.573649Z,official_2026-27_37972806849_1_team_current,official_2026-27_37972806849_1_minutes_current,official_2026-27_37972806849_1_xpoints_current,official_2026-27_37972806849_1_decision_current
phase9_frontend_v1,2026-27,6,player_code_510281,Sávio,team_tottenham_hotspur,MID,65,1,MUN (A),MUN,Man Utd,team_manchester_united,A,2026-10-10 16:30:00+00:00,2.053941501949808,2.9461523963029768,2.0721810345623766,0.0,2.0,5.0,48.2142005256201,0.6971606440071556,0.4798347469220247,0.124,0.007,a,,False,False,transferred_player,X2_TEAM_CONSTRAINED_SIM_M7,2026-10-09T18:35:51.573649Z,official_2026-27_37972806849_1_team_current,official_2026-27_37972806849_1_minutes_current,official_2026-27_37972806849_1_xpoints_current,official_2026-27_37972806849_1_decision_current
phase9_frontend_v1,2026-27,6,player_code_510663,Ekitiké,team_liverpool,FWD,74,1,MCI (H),MCI,Man City,team_manchester_city,H,2026-10-11 15:30:00+00:00,1.309538917567122,4.13873846156895,2.4393708184693854,0.0,0.0,5.0,20.525910133304265,0.3164101645289009,0.15202739224374703,0.1086,0.0191,i,Achilles injury - Unknown return date,False,False,returning_player,X2_TEAM_CONSTRAINED_SIM_M7,2026-10-09T18:35:51.573649Z,official_2026-27_37972806849_1_team_current,official_2026-27_37972806849_1_minutes_current,official_2026-27_37972806849_1_xpoints_current,official_2026-27_37972806849_1_decision_current
phase9_frontend_v1,2026-27,6,player_code_511499,Tel,team_tottenham_hotspur,MID,57,1,MUN (A),MUN,Man Utd,team_manchester_united,A,2026-10-10 16:30:00+00:00,2.268861556698642,2.8387768044623423,2.1169855715143644,0.0,2.0,5.0,53.43611552888185,0.7992391487531403,0.4745544287711273,0.1214,0.0092,a,,False,False,returning_player,X2_TEAM_CONSTRAINED_SIM_M7,2026-10-09T18:35:51.573649Z,official_2026-27_37972806849_1_team_current,official_2026-27_37972806849_1_minutes_current,official_2026-27_37972806849_1_xpoints_current,official_2026-27_37972806849_1_decision_current
phase9_frontend_v1,2026-27,6,player_code_512123,Hadjam,team_brighton,DEF,45,1,SUN (A),SUN,Sunderland,team_sunderland,A,2026-10-10 14:00:00+00:00,0.3653948758052609,2.8422507638395373,1.299068031320916,0.0,0.0,1.0,9.566389909416102,0.128558282208589,0.10342024539877301,0.0363,0.0015,a,,False,False,current_season_history_only,X2_TEAM_CONSTRAINED_SIM_M7,2026-10-09T18:35:51.573649Z,official_2026-27_37972806849_1_team_current,official_2026-27_37972806849_1_minutes_current,official_2026-27_37972806849_1_xpoints_current,official_2026-27_37972806849_1_decision_current
phase9_frontend_v1,2026-27,6,player_code_512462,O'Brien,team_everton,DEF,48,1,HUL (A),HUL,Hull City,team_hull_city,A,2026-10-11 13:00:00+00:00,1.3659194149747167,2.7625295981988107,2.2398758336122113,0.0,0.0,6.0,36.020894355528256,0.49444516933512894,0.3131958701182103,0.1438,0.0048,a,,False,False,returning_player,X2_TEAM_CONSTRAINED_SIM_M7,2026-10-09T18:35:51.573649Z,official_2026-27_37972806849_1_team_current,official_2026-27_37972806849_1_minutes_current,official_2026-27_37972806849_1_xpoints_current,official_2026-27_37972806849_1_decision_current
phase9_frontend_v1,2026-27,6,player_code_513086,Schuster,team_brentford,DEF,45,1,AVL (A),AVL,Aston Villa,team_aston_villa,A,2026-10-10 14:00:00+00:00,1.7412958216552334,2.7612995449883067,2.358846733045621,0.0,1.0,6.0,46.137056496068354,0.6306073619631902,0.4361513292433538,0.1604,0.0067,a,,False,False,current_season_history_only,X2_TEAM_CONSTRAINED_SIM_M7,2026-10-09T18:35:51.573649Z,official_2026-27_37972806849_1_team_current,official_2026-27_37972806849_1_minutes_current,official_2026-27_37972806849_1_xpoints_current,official_2026-27_37972806849_1_decision_current
phase9_frontend_v1,2026-27,6,player_code_513418,Schade,team_brentford,MID,62,1,AVL (A),AVL,Aston Villa,team_aston_villa,A,2026-10-10 14:00:00+00:00,3.073048252623539,3.7113277212995666,2.9029631602898447,0.0,2.0,7.0,61.06291436666284,0.828018564619638,0.6535241502683364,0.235,0.0365,a,,False,False,returning_player,X2_TEAM_CONSTRAINED_SIM_M7,2026-10-09T18:35:51.573649Z,official_2026-27_37972806849_1_team_current,official_2026-27_37972806849_1_minutes_current,official_2026-27_37972806849_1_xpoints_current,official_2026-27_37972806849_1_decision_current
phase9_frontend_v1,2026-27,6,player_code_513466,Röhl,team_everton,MID,49,1,HUL (A),HUL,Hull City,team_hull_city,A,2026-10-11 13:00:00+00:00,0.7072452920325448,2.662722371069716,1.4826178165663597,0.0,0.0,3.0,17.299488752434826,0.2656098509242696,0.13884634249471464,0.0291,0.002,d,Unspecified injury - 50% chance of playing,False,False,returning_player,X2_TEAM_CONSTRAINED_SIM_M7,2026-10-09T18:35:51.573649Z,official_2026-27_37972806849_1_team_current,official_2026-27_37972806849_1_minutes_current,official_2026-27_37972806849_1_xpoints_current,official_2026-27_37972806849_1_decision_current
phase9_frontend_v1,2026-27,6,player_code_513545,M.Sangaré,team_brentford,MID,56,1,AVL (A),AVL,Aston Villa,team_aston_villa,A,2026-10-10 14:00:00+00:00,2.769511536485775,3.190102923749327,2.2768949382876675,0.0,2.0,6.0,63.231653373213234,0.8681574239713774,0.6559250645994832,0.1842,0.0138,a,,False,False,current_season_history_only,X2_TEAM_CONSTRAINED_SIM_M7,2026-10-09T18:35:51.573649Z,official_2026-27_37972806849_1_team_current,official_2026-27_37972806849_1_minutes_current,official_2026-27_37972806849_1_xpoints_current,official_2026-27_37972806849_1_decision_current
phase9_frontend_v1,2026-27,6,player_code_514254,Gomez,team_brighton,MID,50,1,SUN (A),SUN,Sunderland,team_sunderland,A,2026-10-10 14:00:00+00:00,2.7461784611284012,3.094330929328283,2.279793356863731,0.0,2.0,6.0,63.0796696707084,0.8874869960093574,0.6808300536672629,0.1691,0.0134,a,,False,False,returning_player,X2_TEAM_CONSTRAINED_SIM_M7,2026-10-09T18:35:51.573649Z,official_2026-27_37972806849_1_team_current,official_2026-27_37972806849_1_minutes_current,official_2026-27_37972806849_1_xpoints_current,official_2026-27_37972806849_1_decision_current
phase9_frontend_v1,2026-27,6,player_code_514356,Lavia,team_chelsea,MID,50,1,BOU (H),BOU,Bournemouth,team_bournemouth,H,2026-10-10 14:00:00+00:00,1.141418297908949,2.2909698804214025,1.635264966297511,0.0,0.0,3.0,35.75424719875425,0.4982249254621348,0.39627054263565886,0.0451,0.0022,a,,False,False,returning_player,X2_TEAM_CONSTRAINED_SIM_M7,2026-10-09T18:35:51.573649Z,official_2026-27_37972806849_1_team_current,official_2026-27_37972806849_1_minutes_current,official_2026-27_37972806849_1_xpoints_current,official_2026-27_37972806849_1_decision_current
phase9_frontend_v1,2026-27,6,player_code_514514,Koumas,team_liverpool,MID,50,1,MCI (H),MCI,Man City,team_manchester_city,H,2026-10-11 15:30:00+00:00,1.025914020080279,2.620632694088852,1.8059574718137745,0.0,0.0,3.0,21.18013204331553,0.3914757006559332,0.02718023255813954,0.0576,0.0044,a,,False,False,position_change,X2_TEAM_CONSTRAINED_SIM_M7,2026-10-09T18:35:51.573649Z,official_2026-27_37972806849_1_team_current,official_2026-27_37972806849_1_minutes_current,official_2026-27_37972806849_1_xpoints_current,official_2026-27_37972806849_1_decision_current
phase9_frontend_v1,2026-27,6,player_code_515046,Ellborg,team_sunderland,GKP,44,1,BHA (H),BHA,Brighton,team_brighton,H,2026-10-10 14:00:00+00:00,0.3819339585387935,3.1989666916003436,1.2418404688203715,0.0,0.0,1.0,9.257701024892476,0.11939291507525007,0.09630080981209216,0.0241,0.0004,a,,False,False,returning_player,X2_TEAM_CONSTRAINED_SIM_M7,2026-10-09T18:35:51.573649Z,official_2026-27_37972806849_1_team_current,official_2026-27_37972806849_1_minutes_current,official_2026-27_37972806849_1_xpoints_current,official_2026-27_37972806849_1_decision_current
phase9_frontend_v1,2026-27,6,player_code_515597,Bogarde,team_aston_villa,MID,49,1,BRE (H),BRE,Brentford,team_brentford,H,2026-10-10 14:00:00+00:00,0.6399706241522836,2.3062681709634503,1.301008189828181,0.0,0.0,2.0,17.139563893102917,0.2774918512121398,0.10667201283079392,0.0199,0.001,a,,False,False,position_change,X2_TEAM_CONSTRAINED_SIM_M7,2026-10-09T18:35:51.573649Z,official_2026-27_37972806849_1_team_current,official_2026-27_37972806849_1_minutes_current,official_2026-27_37972806849_1_xpoints_current,official_2026-27_37972806849_1_decision_current
phase9_frontend_v1,2026-27,6,player_code_515621,Chadi Riad,team_crystal_palace,DEF,43,1,NFO (H),NFO,Nott'm Forest,team_nottingham_forest,H,2026-10-11 13:00:00+00:00,0.21994676764861262,2.7500642905804646,1.0245463337497236,0.0,0.0,0.0,5.769339367573064,0.07997877300613498,0.05260813424756406,0.0215,0.0009,i,Knee injury - Unknown return date,False,False,returning_player,X2_TEAM_CONSTRAINED_SIM_M7,2026-10-09T18:35:51.573649Z,official_2026-27_37972806849_1_team_current,official_2026-27_37972806849_1_minutes_current,official_2026-27_37972806849_1_xpoints_current,official_2026-27_37972806849_1_decision_current
phase9_frontend_v1,2026-27,6,player_code_516895,Mainoo,team_manchester_united,MID,55,1,TOT (H),TOT,Spurs,team_tottenham_hotspur,H,2026-10-10 16:30:00+00:00,1.009701136596625,2.702680065087734,1.704093187005922,0.0,0.0,3.0,26.21793035964238,0.37359254972114075,0.24554339261285915,0.0463,0.0023,d,Unspecified injury - 75% chance of playing,False,False,returning_player,X2_TEAM_CONSTRAINED_SIM_M7,2026-10-09T18:35:51.573649Z,official_2026-27_37972806849_1_team_current,official_2026-27_37972806849_1_minutes_current,official_2026-27_37972806849_1_xpoints_current,official_2026-27_37972806849_1_decision_current
phase9_frontend_v1,2026-27,6,player_code_517052,N.Jackson,team_aston_villa,FWD,65,1,BRE (H),BRE,Brentford,team_brentford,H,2026-10-10 14:00:00+00:00,2.8649740242033617,4.353125821828717,3.082572633369731,0.0,2.0,7.0,51.469168799943375,0.658141790856807,0.6185464757986652,0.2649,0.0454,a,,False,False,transferred_player,X2_TEAM_CONSTRAINED_SIM_M7,2026-10-09T18:35:51.573649Z,official_2026-27_37972806849_1_team_current,official_2026-27_37972806849_1_minutes_current,official_2026-27_37972806849_1_xpoints_current,official_2026-27_37972806849_1_decision_current
phase9_frontend_v1,2026-27,6,player_code_519440,Lucky,team_liverpool,DEF,40,1,MCI (H),MCI,Man City,team_manchester_city,H,2026-10-11 15:30:00+00:00,0.0757180911752459,2.3559148387621263,0.5843714486523105,0.0,0.0,0.0,2.3915974773540256,0.03213957055214722,0.025855061349693252,0.0069,0.0001,a,,False,False,returning_player,X2_TEAM_CONSTRAINED_SIM_M7,2026-10-09T18:35:51.573649Z,official_2026-27_37972806849_1_team_current,official_2026-27_37972806849_1_minutes_current,official_2026-27_37972806849_1_xpoints_current,official_2026-27_37972806849_1_decision_current
phase9_frontend_v1,2026-27,6,player_code_519913,Fletcher,team_manchester_united,MID,44,1,TOT (H),TOT,Spurs,team_tottenham_hotspur,H,2026-10-10 16:30:00+00:00,0.2600183521777004,3.029035450262663,1.1191333745358503,0.0,0.0,0.0,5.028318988623156,0.08584196403351863,0.021744186046511634,0.0186,0.0022,a,,False,False,returning_player,X2_TEAM_CONSTRAINED_SIM_M7,2026-10-09T18:35:51.573649Z,official_2026-27_37972806849_1_team_current,official_2026-27_37972806849_1_minutes_current,official_2026-27_37972806849_1_xpoints_current,official_2026-27_37972806849_1_decision_current
phase9_frontend_v1,2026-27,6,player_code_522047,Muharemović,team_leeds,DEF,50,1,ARS (A),ARS,Arsenal,team_arsenal,A,2026-10-10 11:30:00+00:00,1.8525765316873708,2.129815501070008,2.109425872127295,0.0,1.0,6.0,71.0968216747957,0.8698295841854125,0.8474846625766873,0.1452,0.0029,a,,False,False,current_season_history_only,X2_TEAM_CONSTRAINED_SIM_M7,2026-10-09T18:35:51.573649Z,official_2026-27_37972806849_1_team_current,official_2026-27_37972806849_1_minutes_current,official_2026-27_37972806849_1_xpoints_current,official_2026-27_37972806849_1_decision_current
phase9_frontend_v1,2026-27,6,player_code_523700,Jebbison,team_bournemouth,FWD,50,1,CHE (A),CHE,Chelsea,team_chelsea,A,2026-10-10 14:00:00+00:00,1.1139594589580175,3.1000077208159182,1.9845539448450376,0.0,0.0,3.0,18.53461519607826,0.3593408659849482,0.008922547332185884,0.0842,0.0094,a,,False,False,returning_player,X2_TEAM_CONSTRAINED_SIM_M7,2026-10-09T18:35:51.573649Z,official_2026-27_37972806849_1_team_current,official_2026-27_37972806849_1_minutes_current,official_2026-27_37972806849_1_xpoints_current,official_2026-27_37972806849_1_decision_current
phase9_frontend_v1,2026-27,6,player_code_531442,Fatawu,team_ipswich,MID,54,1,FUL (H),FUL,Fulham,team_fulham,H,2026-10-10 14:00:00+00:00,0.0,0.0,0.0,0.0,0.0,0.0,0.0,0.0,0.0,0.0,0.0,s,Suspended until 17 Oct,False,False,transferred_player,X2_TEAM_CONSTRAINED_SIM_M7,2026-10-09T18:35:51.573649Z,official_2026-27_37972806849_1_team_current,official_2026-27_37972806849_1_minutes_current,official_2026-27_37972806849_1_xpoints_current,official_2026-27_37972806849_1_decision_current
phase9_frontend_v1,2026-27,6,player_code_532529,Hinshelwood,team_brighton,MID,59,1,SUN (A),SUN,Sunderland,team_sunderland,A,2026-10-10 14:00:00+00:00,0.7216731966352024,3.490665973621982,1.8302436886928473,0.0,0.0,3.0,14.409048752651517,0.2067436993653049,0.1321901306148455,0.0517,0.0062,d,Ankle injury - 50% chance of playing,False,False,returning_player,X2_TEAM_CONSTRAINED_SIM_M7,2026-10-09T18:35:51.573649Z,official_2026-27_37972806849_1_team_current,official_2026-27_37972806849_1_minutes_current,official_2026-27_37972806849_1_xpoints_current,official_2026-27_37972806849_1_decision_current
phase9_frontend_v1,2026-27,6,player_code_532605,Andrey Santos,team_manchester_united,MID,48,1,TOT (H),TOT,Spurs,team_tottenham_hotspur,H,2026-10-10 16:30:00+00:00,0.7981194210923647,2.5879996070738693,1.557798446526379,0.0,0.0,3.0,18.922858930225807,0.30839240427658376,0.11339967245332462,0.0378,0.0018,a,,False,False,transferred_player,X2_TEAM_CONSTRAINED_SIM_M7,2026-10-09T18:35:51.573649Z,official_2026-27_37972806849_1_team_current,official_2026-27_37972806849_1_minutes_current,official_2026-27_37972806849_1_xpoints_current,official_2026-27_37972806849_1_decision_current
phase9_frontend_v1,2026-27,6,player_code_533463,O.Dango,team_brentford,MID,63,1,AVL (A),AVL,Aston Villa,team_aston_villa,A,2026-10-10 14:00:00+00:00,2.85399333187232,3.215214667615492,2.4130642345366606,0.0,2.0,7.0,58.48885145457241,0.8876524981732975,0.49176211376787865,0.1866,0.0193,a,,False,False,returning_player,X2_TEAM_CONSTRAINED_SIM_M7,2026-10-09T18:35:51.573649Z,official_2026-27_37972806849_1_team_current,official_2026-27_37972806849_1_minutes_current,official_2026-27_37972806849_1_xpoints_current,official_2026-27_37972806849_1_decision_current
phase9_frontend_v1,2026-27,6,player_code_533646,Osorio,team_crystal_palace,MID,55,1,NFO (H),NFO,Nott'm Forest,team_nottingham_forest,H,2026-10-11 13:00:00+00:00,1.041154295801901,2.7887170644622077,1.8374024164564495,0.0,0.0,3.0,21.835655409642328,0.373345259391771,0.09318936877076414,0.0577,0.0054,a,,False,False,current_season_history_only,X2_TEAM_CONSTRAINED_SIM_M7,2026-10-09T18:35:51.573649Z,official_2026-27_37972806849_1_team_current,official_2026-27_37972806849_1_minutes_current,official_2026-27_37972806849_1_xpoints_current,official_2026-27_37972806849_1_decision_current
phase9_frontend_v1,2026-27,6,player_code_535301,Baleba,team_manchester_united,MID,49,1,TOT (H),TOT,Spurs,team_tottenham_hotspur,H,2026-10-10 16:30:00+00:00,1.6455669928057668,2.326217603510103,1.7048985629649642,0.0,2.0,3.0,48.45946202986789,0.7074002837579421,0.42111627906976745,0.0541,0.0023,a,,False,False,transferred_player,X2_TEAM_CONSTRAINED_SIM_M7,2026-10-09T18:35:51.573649Z,official_2026-27_37972806849_1_team_current,official_2026-27_37972806849_1_minutes_current,official_2026-27_37972806849_1_xpoints_current,official_2026-27_37972806849_1_decision_current
phase9_frontend_v1,2026-27,6,player_code_536661,N.Angulo,team_sunderland,MID,50,1,BHA (H),BHA,Brighton,team_brighton,H,2026-10-10 14:00:00+00:00,2.3739198865907327,2.9492209857857814,2.300274311902822,0.0,2.0,6.0,59.644458576745905,0.8049311659018433,0.7174924165824065,0.1517,0.0142,a,,False,False,returning_player,X2_TEAM_CONSTRAINED_SIM_M7,2026-10-09T18:35:51.573649Z,official_2026-27_37972806849_1_team_current,official_2026-27_37972806849_1_minutes_current,official_2026-27_37972806849_1_xpoints_current,official_2026-27_37972806849_1_decision_current
phase9_frontend_v1,2026-27,6,player_code_538007,David,team_brighton,FWD,59,1,SUN (A),SUN,Sunderland,team_sunderland,A,2026-10-10 14:00:00+00:00,1.2325733302300048,3.0600505711655317,2.0957504026004625,0.0,0.0,4.0,22.20720782765577,0.402795085102314,0.06437177280550775,0.0986,0.0084,a,,False,False,current_season_history_only,X2_TEAM_CONSTRAINED_SIM_M7,2026-10-09T18:35:51.573649Z,official_2026-27_37972806849_1_team_current,official_2026-27_37972806849_1_minutes_current,official_2026-27_37972806849_1_xpoints_current,official_2026-27_37972806849_1_decision_current
phase9_frontend_v1,2026-27,6,player_code_538207,Osula,team_newcastle,FWD,58,1,COV (A),COV,Coventry City,team_coventry_city,A,2026-10-12 19:00:00+00:00,0.7358139543387868,3.3592310785347377,1.7753735353440412,0.0,0.0,3.0,12.907294384360135,0.21904237521514636,0.06656932874354562,0.061,0.0061,d,Foot injury - 50% chance of playing,False,False,returning_player,X2_TEAM_CONSTRAINED_SIM_M7,2026-10-09T18:35:51.573649Z,official_2026-27_37972806849_1_team_current,official_2026-27_37972806849_1_minutes_current,official_2026-27_37972806849_1_xpoints_current,official_2026-27_37972806849_1_decision_current
phase9_frontend_v1,2026-27,6,player_code_539142,Amenda,team_coventry_city,DEF,40,1,NEW (H),NEW,Newcastle,team_newcastle,H,2026-10-12 19:00:00+00:00,0.3068898582075521,2.2319262415094707,1.168284960957728,0.0,0.0,1.0,10.587642902972163,0.13749999999999996,0.11250000000000002,0.0292,0.001,i,Calf injury - Unknown return date,False,False,current_season_history_only,X2_TEAM_CONSTRAINED_SIM_M7,2026-10-09T18:35:51.573649Z,official_2026-27_37972806849_1_team_current,official_2026-27_37972806849_1_minutes_current,official_2026-27_37972806849_1_xpoints_current,official_2026-27_37972806849_1_decision_current
phase9_frontend_v1,2026-27,6,player_code_540324,Belloumi,team_hull_city,MID,51,1,EVE (H),EVE,Everton,team_everton,H,2026-10-11 13:00:00+00:00,3.331621206265885,3.8375772806565625,2.74891960595431,0.0,3.0,7.0,67.88333416164933,0.8681574239713774,0.8280361757105943,0.2456,0.0298,a,,False,False,current_season_history_only,X2_TEAM_CONSTRAINED_SIM_M7,2026-10-09T18:35:51.573649Z,official_2026-27_37972806849_1_team_current,official_2026-27_37972806849_1_minutes_current,official_2026-27_37972806849_1_xpoints_current,official_2026-27_37972806849_1_decision_current
phase9_frontend_v1,2026-27,6,player_code_543158,Barco,team_chelsea,MID,54,1,BOU (H),BOU,Bournemouth,team_bournemouth,H,2026-10-10 14:00:00+00:00,0.7669029503127534,2.535121832695092,1.5235688071104632,0.0,0.0,3.0,19.025231263095126,0.3025112799006814,0.13027901893506164,0.0366,0.0014,a,,False,False,position_change,X2_TEAM_CONSTRAINED_SIM_M7,2026-10-09T18:35:51.573649Z,official_2026-27_37972806849_1_team_current,official_2026-27_37972806849_1_minutes_current,official_2026-27_37972806849_1_xpoints_current,official_2026-27_37972806849_1_decision_current
phase9_frontend_v1,2026-27,6,player_code_543295,Milambo,team_brentford,MID,50,1,AVL (A),AVL,Aston Villa,team_aston_villa,A,2026-10-10 14:00:00+00:00,0.07532245135373075,2.8663559472787274,0.601597797535862,0.0,0.0,0.0,1.7439537818774704,0.026278122026414996,0.015069767441860466,0.0047,0.0008,i,Knee injury - Unknown return date,False,False,returning_player,X2_TEAM_CONSTRAINED_SIM_M7,2026-10-09T18:35:51.573649Z,official_2026-27_37972806849_1_team_current,official_2026-27_37972806849_1_minutes_current,official_2026-27_37972806849_1_xpoints_current,official_2026-27_37972806849_1_decision_current
phase9_frontend_v1,2026-27,6,player_code_543968,Emersonn,team_ipswich,FWD,55,1,FUL (H),FUL,Fulham,team_fulham,H,2026-10-10 14:00:00+00:00,3.7072339174358544,4.277766385884033,2.768563799156523,0.0,3.0,7.0,67.9314203151578,0.8666284184356473,0.8199273283610634,0.2967,0.0463,a,,False,False,current_season_history_only,X2_TEAM_CONSTRAINED_SIM_M7,2026-10-09T18:35:51.573649Z,official_2026-27_37972806849_1_team_current,official_2026-27_37972806849_1_minutes_current,official_2026-27_37972806849_1_xpoints_current,official_2026-27_37972806849_1_decision_current
phase9_frontend_v1,2026-27,6,player_code_54469,Smith,team_bournemouth,DEF,45,1,CHE (A),CHE,Chelsea,team_chelsea,A,2026-10-10 14:00:00+00:00,1.6436005584141065,2.025155505618834,2.0629103228206502,0.0,1.0,6.0,62.307746772579186,0.8115922722249743,0.6579074038791298,0.1434,0.0016,a,,False,False,returning_player,X2_TEAM_CONSTRAINED_SIM_M7,2026-10-09T18:35:51.573649Z,official_2026-27_37972806849_1_team_current,official_2026-27_37972806849_1_minutes_current,official_2026-27_37972806849_1_xpoints_current,official_2026-27_37972806849_1_decision_current
phase9_frontend_v1,2026-27,6,player_code_544877,Kerkez,team_liverpool,DEF,53,1,MCI (H),MCI,Man City,team_manchester_city,H,2026-10-11 15:30:00+00:00,2.236935296860967,2.4701682667329767,2.4815356455227477,0.0,1.0,6.0,70.07918829087106,0.9055801286847225,0.752421886378373,0.2098,0.0116,a,,False,False,returning_player,X2_TEAM_CONSTRAINED_SIM_M7,2026-10-09T18:35:51.573649Z,official_2026-27_37972806849_1_team_current,official_2026-27_37972806849_1_minutes_current,official_2026-27_37972806849_1_xpoints_current,official_2026-27_37972806849_1_decision_current
phase9_frontend_v1,2026-27,6,player_code_547027,Diarra,team_sunderland,MID,53,1,BHA (H),BHA,Brighton,team_brighton,H,2026-10-10 14:00:00+00:00,0.7490040145618875,3.1088500902298897,1.726473257829382,0.0,0.0,3.0,15.643686210580164,0.2409263852624367,0.11158040573973282,0.0547,0.0052,i,Hamstring injury - Expected back 18 Oct,False,False,returning_player,X2_TEAM_CONSTRAINED_SIM_M7,2026-10-09T18:35:51.573649Z,official_2026-27_37972806849_1_team_current,official_2026-27_37972806849_1_minutes_current,official_2026-27_37972806849_1_xpoints_current,official_2026-27_37972806849_1_decision_current
phase9_frontend_v1,2026-27,6,player_code_547037,J.Fletcher,team_manchester_united,MID,49,1,TOT (H),TOT,Spurs,team_tottenham_hotspur,H,2026-10-10 16:30:00+00:00,0.15561056410640992,2.987966829779721,0.8671584860912104,0.0,0.0,0.0,3.1613242702580306,0.05207908018104801,0.017742993440667862,0.0119,0.0003,a,,False,False,returning_player,X2_TEAM_CONSTRAINED_SIM_M7,2026-10-09T18:35:51.573649Z,official_2026-27_37972806849_1_team_current,official_2026-27_37972806849_1_minutes_current,official_2026-27_37972806849_1_xpoints_current,official_2026-27_37972806849_1_decision_current
phase9_frontend_v1,2026-27,6,player_code_547701,Gray,team_tottenham_hotspur,MID,49,1,MUN (A),MUN,Man Utd,team_manchester_united,A,2026-10-10 16:30:00+00:00,1.2612640134112851,2.295193589854552,1.5410459305290027,0.0,1.0,3.0,39.15312004963389,0.5495240222813677,0.38295571941765927,0.0356,0.0016,a,,False,False,returning_player,X2_TEAM_CONSTRAINED_SIM_M7,2026-10-09T18:35:51.573649Z,official_2026-27_37972806849_1_team_current,official_2026-27_37972806849_1_minutes_current,official_2026-27_37972806849_1_xpoints_current,official_2026-27_37972806849_1_decision_current
phase9_frontend_v1,2026-27,6,player_code_547719,L.Miley,team_newcastle,MID,55,1,COV (A),COV,Coventry City,team_coventry_city,A,2026-10-12 19:00:00+00:00,0.959024075781054,2.9156213161269973,1.7932990799083124,0.0,0.0,3.0,22.3429279551867,0.328926143623818,0.2097448504983389,0.0598,0.0033,d,Unspecified injury - 75% chance of playing,False,False,returning_player,X2_TEAM_CONSTRAINED_SIM_M7,2026-10-09T18:35:51.573649Z,official_2026-27_37972806849_1_team_current,official_2026-27_37972806849_1_minutes_current,official_2026-27_37972806849_1_xpoints_current,official_2026-27_37972806849_1_decision_current
phase9_frontend_v1,2026-27,6,player_code_549912,Talbi,team_sunderland,MID,53,1,BHA (H),BHA,Brighton,team_brighton,H,2026-10-10 14:00:00+00:00,1.60908596210217,3.1620020206581048,2.296007924637892,0.0,1.0,5.0,33.077436880628426,0.5088820157576219,0.26327560613557643,0.1003,0.0119,a,,False,False,returning_player,X2_TEAM_CONSTRAINED_SIM_M7,2026-10-09T18:35:51.573649Z,official_2026-27_37972806849_1_team_current,official_2026-27_37972806849_1_minutes_current,official_2026-27_37972806849_1_xpoints_current,official_2026-27_37972806849_1_decision_current
phase9_frontend_v1,2026-27,6,player_code_549939,Penders,team_chelsea,GKP,44,1,BOU (H),BOU,Bournemouth,team_bournemouth,H,2026-10-10 14:00:00+00:00,0.05227679460456695,3.322393800291725,0.5308460322918502,0.0,0.0,0.0,1.2994038377799146,0.01573467738832668,0.015734677388326727,0.0044,0.0002,a,,False,False,returning_player,X2_TEAM_CONSTRAINED_SIM_M7,2026-10-09T18:35:51.573649Z,official_2026-27_37972806849_1_team_current,official_2026-27_37972806849_1_minutes_current,official_2026-27_37972806849_1_xpoints_current,official_2026-27_37972806849_1_decision_current
phase9_frontend_v1,2026-27,6,player_code_549940,Fofana,team_sunderland,MID,55,1,BHA (H),BHA,Brighton,team_brighton,H,2026-10-10 14:00:00+00:00,2.234773825283534,2.6909160778947196,2.0719486094013044,0.0,2.0,5.0,45.955749903456365,0.8304881165346281,0.0997369878183832,0.1234,0.0096,a,,False,False,current_season_history_only,X2_TEAM_CONSTRAINED_SIM_M7,2026-10-09T18:35:51.573649Z,official_2026-27_37972806849_1_team_current,official_2026-27_37972806849_1_minutes_current,official_2026-27_37972806849_1_xpoints_current,official_2026-27_37972806849_1_decision_current
phase9_frontend_v1,2026-27,6,player_code_550090,Coppola,team_brighton,DEF,45,1,SUN (A),SUN,Sunderland,team_sunderland,A,2026-10-10 14:00:00+00:00,0.31622095395096844,2.501660889842673,1.208982874154965,0.0,0.0,1.0,8.079726769172726,0.12640440406407571,0.053682809032763346,0.0326,0.0008,a,,False,False,returning_player,X2_TEAM_CONSTRAINED_SIM_M7,2026-10-09T18:35:51.573649Z,official_2026-27_37972806849_1_team_current,official_2026-27_37972806849_1_minutes_current,official_2026-27_37972806849_1_xpoints_current,official_2026-27_37972806849_1_decision_current
phase9_frontend_v1,2026-27,6,player_code_550615,George,team_everton,MID,55,1,HUL (A),HUL,Hull City,team_hull_city,A,2026-10-11 13:00:00+00:00,1.5461667913585786,2.783529225784767,2.0386980060813324,0.0,1.0,4.0,35.85965731508127,0.5554699325719004,0.2772660703637448,0.0806,0.0058,a,,False,False,returning_player,X2_TEAM_CONSTRAINED_SIM_M7,2026-10-09T18:35:51.573649Z,official_2026-27_37972806849_1_team_current,official_2026-27_37972806849_1_minutes_current,official_2026-27_37972806849_1_xpoints_current,official_2026-27_37972806849_1_decision_current
phase9_frontend_v1,2026-27,6,player_code_550839,Odobert,team_tottenham_hotspur,MID,55,1,MUN (A),MUN,Man Utd,team_manchester_united,A,2026-10-10 16:30:00+00:00,0.7175548114518833,2.48735480407807,1.4399107750135076,0.0,0.0,2.0,18.039844745580908,0.2884810845141341,0.1200022874571102,0.0298,0.0014,i,Knee injury - Unknown return date,False,False,returning_player,X2_TEAM_CONSTRAINED_SIM_M7,2026-10-09T18:35:51.573649Z,official_2026-27_37972806849_1_team_current,official_2026-27_37972806849_1_minutes_current,official_2026-27_37972806849_1_xpoints_current,official_2026-27_37972806849_1_decision_current
phase9_frontend_v1,2026-27,6,player_code_550864,Yoro,team_manchester_united,DEF,48,1,TOT (H),TOT,Spurs,team_tottenham_hotspur,H,2026-10-10 16:30:00+00:00,1.4713655477441425,2.505780593276021,2.1045702649234594,0.0,1.0,6.0,38.01604150385864,0.5871884999398533,0.26685990617105737,0.1461,0.0012,a,,False,False,returning_player,X2_TEAM_CONSTRAINED_SIM_M7,2026-10-09T18:35:51.573649Z,official_2026-27_37972806849_1_team_current,official_2026-27_37972806849_1_minutes_current,official_2026-27_37972806849_1_xpoints_current,official_2026-27_37972806849_1_decision_current
phase9_frontend_v1,2026-27,6,player_code_551050,Larsson,team_fulham,MID,50,1,IPS (A),IPS,Ipswich Town,team_ipswich,A,2026-10-10 14:00:00+00:00,2.4313093060511157,2.927566641406289,2.3022977652771157,0.0,2.0,6.0,45.79646468947223,0.8304881165346281,0.09318936877076414,0.1583,0.0138,a,,False,False,current_season_history_only,X2_TEAM_CONSTRAINED_SIM_M7,2026-10-09T18:35:51.573649Z,official_2026-27_37972806849_1_team_current,official_2026-27_37972806849_1_minutes_current,official_2026-27_37972806849_1_xpoints_current,official_2026-27_37972806849_1_decision_current
phase9_frontend_v1,2026-27,6,player_code_551210,Hato,team_chelsea,DEF,45,1,BOU (H),BOU,Bournemouth,team_bournemouth,H,2026-10-10 14:00:00+00:00,1.5769372802842252,2.472164847542324,2.2362813754087387,0.0,1.0,6.0,46.525070707489775,0.6378770743593091,0.47908422747247975,0.1606,0.0034,a,,False,False,returning_player,X2_TEAM_CONSTRAINED_SIM_M7,2026-10-09T18:35:51.573649Z,official_2026-27_37972806849_1_team_current,official_2026-27_37972806849_1_minutes_current,official_2026-27_37972806849_1_xpoints_current,official_2026-27_37972806849_1_decision_current
phase9_frontend_v1,2026-27,6,player_code_551226,Fernandes,team_tottenham_hotspur,MID,57,1,MUN (A),MUN,Man Utd,team_manchester_united,A,2026-10-10 16:30:00+00:00,2.4397429827672736,2.5093104086432687,1.6401950341346605,1.0,2.0,5.0,74.92156506145604,0.9722762773244906,0.8171425222159197,0.1036,0.005,a,,False,False,transferred_player,X2_TEAM_CONSTRAINED_SIM_M7,2026-10-09T18:35:51.573649Z,official_2026-27_37972806849_1_team_current,official_2026-27_37972806849_1_minutes_current,official_2026-27_37972806849_1_xpoints_current,official_2026-27_37972806849_1_decision_current
phase9_frontend_v1,2026-27,6,player_code_551466,Gonzalo,team_fulham,FWD,60,1,IPS (A),IPS,Ipswich Town,team_ipswich,A,2026-10-10 14:00:00+00:00,3.4300470953125486,3.9579213216941738,2.8232429509342625,0.0,2.0,7.0,67.9314203151578,0.8666284184356473,0.8199273283610634,0.3147,0.0468,a,,False,False,current_season_history_only,X2_TEAM_CONSTRAINED_SIM_M7,2026-10-09T18:35:51.573649Z,official_2026-27_37972806849_1_team_current,official_2026-27_37972806849_1_minutes_current,official_2026-27_37972806849_1_xpoints_current,official_2026-27_37972806849_1_decision_current
phase9_frontend_v1,2026-27,6,player_code_551499,Munoz,team_liverpool,MID,65,1,MCI (H),MCI,Man City,team_manchester_city,H,2026-10-11 15:30:00+00:00,2.6816706372741845,3.0889220816737466,2.428303078283269,0.0,2.0,7.0,58.55085271703126,0.8681574239713774,0.5363139534883721,0.186,0.0203,a,,False,False,current_season_history_only,X2_TEAM_CONSTRAINED_SIM_M7,2026-10-09T18:35:51.573649Z,official_2026-27_37972806849_1_team_current,official_2026-27_37972806849_1_minutes_current,official_2026-27_37972806849_1_xpoints_current,official_2026-27_37972806849_1_decision_current
phase9_frontend_v1,2026-27,6,player_code_552946,Hjertø-Dahl,team_hull_city,MID,49,1,EVE (H),EVE,Everton,team_everton,H,2026-10-11 13:00:00+00:00,0.8004323785422492,2.8113659583494006,1.617606429265166,0.0,0.0,3.0,16.686273342468365,0.284712979526933,0.07248062015503877,0.0375,0.003,a,,False,False,current_season_history_only,X2_TEAM_CONSTRAINED_SIM_M7,2026-10-09T18:35:51.573649Z,official_2026-27_37972806849_1_team_current,official_2026-27_37972806849_1_minutes_current,official_2026-27_37972806849_1_xpoints_current,official_2026-27_37972806849_1_decision_current
phase9_frontend_v1,2026-27,6,player_code_553783,Zambrano,team_hull_city,MID,45,1,EVE (H),EVE,Everton,team_everton,H,2026-10-11 13:00:00+00:00,0.34123533826816194,3.0304589352641127,1.1932835329459635,0.0,0.0,1.0,7.66519504312129,0.11260186841582209,0.07248062015503876,0.0182,0.0013,a,,False,False,current_season_history_only,X2_TEAM_CONSTRAINED_SIM_M7,2026-10-09T18:35:51.573649Z,official_2026-27_37972806849_1_team_current,official_2026-27_37972806849_1_minutes_current,official_2026-27_37972806849_1_xpoints_current,official_2026-27_37972806849_1_decision_current
phase9_frontend_v1,2026-27,6,player_code_554054,Braithwaite,team_manchester_city,DEF,40,1,LIV (A),LIV,Liverpool,team_liverpool,A,2026-10-11 15:30:00+00:00,0.6526159745270198,2.4132235840100775,1.658672598797002,0.0,0.0,2.0,16.97018010575838,0.270433282208589,0.10342024539877301,0.0625,0.002,a,,False,False,current_season_history_only,X2_TEAM_CONSTRAINED_SIM_M7,2026-10-09T18:35:51.573649Z,official_2026-27_37972806849_1_team_current,official_2026-27_37972806849_1_minutes_current,official_2026-27_37972806849_1_xpoints_current,official_2026-27_37972806849_1_decision_current
phase9_frontend_v1,2026-27,6,player_code_554197,Rigg,team_sunderland,MID,49,1,BHA (H),BHA,Brighton,team_brighton,H,2026-10-10 14:00:00+00:00,1.1333048512801702,2.7817327861847767,1.932762269395799,0.0,0.0,3.0,25.895478483686766,0.40740967533209005,0.18667986145472537,0.0697,0.0058,a,,False,False,returning_player,X2_TEAM_CONSTRAINED_SIM_M7,2026-10-09T18:35:51.573649Z,official_2026-27_37972806849_1_team_current,official_2026-27_37972806849_1_minutes_current,official_2026-27_37972806849_1_xpoints_current,official_2026-27_37972806849_1_decision_current
phase9_frontend_v1,2026-27,6,player_code_554578,Jaouen,team_newcastle,GKP,44,1,COV (A),COV,Coventry City,team_coventry_city,A,2026-10-12 19:00:00+00:00,0.11963633140645248,3.465429061866566,0.8049951801097943,0.0,0.0,0.0,2.616650041526802,0.034522804902551774,0.02824593128390597,0.0113,0.0001,i,Hamstring injury - Unknown return date,False,False,current_season_history_only,X2_TEAM_CONSTRAINED_SIM_M7,2026-10-09T18:35:51.573649Z,official_2026-27_37972806849_1_team_current,official_2026-27_37972806849_1_minutes_current,official_2026-27_37972806849_1_xpoints_current,official_2026-27_37972806849_1_decision_current
phase9_frontend_v1,2026-27,6,player_code_556637,Oriola,team_brighton,MID,45,1,SUN (A),SUN,Sunderland,team_sunderland,A,2026-10-10 14:00:00+00:00,0.16099149469267549,2.8771168186323033,0.8299263521542137,0.0,0.0,0.0,3.4522419918261926,0.055955842199416184,0.021348837209302328,0.0096,0.0005,a,,False,False,returning_player,X2_TEAM_CONSTRAINED_SIM_M7,2026-10-09T18:35:51.573649Z,official_2026-27_37972806849_1_team_current,official_2026-27_37972806849_1_minutes_current,official_2026-27_37972806849_1_xpoints_current,official_2026-27_37972806849_1_decision_current
phase9_frontend_v1,2026-27,6,player_code_557012,Walle Egeli,team_ipswich,FWD,45,1,FUL (H),FUL,Fulham,team_fulham,H,2026-10-10 14:00:00+00:00,0.7185017011370413,3.114658069677789,1.6517689790040253,0.0,0.0,3.0,13.442304006741047,0.23068397399120288,0.06437177280550775,0.0514,0.0045,a,,False,False,current_season_history_only,X2_TEAM_CONSTRAINED_SIM_M7,2026-10-09T18:35:51.573649Z,official_2026-27_37972806849_1_team_current,official_2026-27_37972806849_1_minutes_current,official_2026-27_37972806849_1_xpoints_current,official_2026-27_37972806849_1_decision_current
phase9_frontend_v1,2026-27,6,player_code_559152,Gozo,team_crystal_palace,MID,49,1,NFO (H),NFO,Nott'm Forest,team_nottingham_forest,H,2026-10-11 13:00:00+00:00,1.1025255631250488,2.7268361907033714,1.8306718329618776,0.0,0.0,3.0,22.95560245108497,0.4043240906380441,0.07248062015503877,0.0574,0.0044,a,,False,False,current_season_history_only,X2_TEAM_CONSTRAINED_SIM_M7,2026-10-09T18:35:51.573649Z,official_2026-27_37972806849_1_team_current,official_2026-27_37972806849_1_minutes_current,official_2026-27_37972806849_1_xpoints_current,official_2026-27_37972806849_1_decision_current
phase9_frontend_v1,2026-27,6,player_code_560262,Kroupi.Jr,team_bournemouth,MID,74,1,CHE (A),CHE,Chelsea,team_chelsea,A,2026-10-10 14:00:00+00:00,1.4892549266837563,4.020795104012143,2.69838840792055,0.0,0.0,6.0,23.134278161111748,0.37038816655882467,0.15294210786739237,0.1131,0.0213,i,Foot injury - Expected back 7 Nov,False,False,position_change,X2_TEAM_CONSTRAINED_SIM_M7,2026-10-09T18:35:51.573649Z,official_2026-27_37972806849_1_team_current,official_2026-27_37972806849_1_minutes_current,official_2026-27_37972806849_1_xpoints_current,official_2026-27_37972806849_1_decision_current
phase9_frontend_v1,2026-27,6,player_code_560552,Kevin,team_fulham,MID,53,1,IPS (A),IPS,Ipswich Town,team_ipswich,A,2026-10-10 14:00:00+00:00,2.1288888806362745,2.9083432995305962,2.2327277576990885,0.0,2.0,5.0,42.42178958799128,0.7319936683471566,0.16668076109936575,0.1457,0.01,a,,False,False,returning_player,X2_TEAM_CONSTRAINED_SIM_M7,2026-10-09T18:35:51.573649Z,official_2026-27_37972806849_1_team_current,official_2026-27_37972806849_1_minutes_current,official_2026-27_37972806849_1_xpoints_current,official_2026-27_37972806849_1_decision_current
phase9_frontend_v1,2026-27,6,player_code_561245,Rodríguez,team_bournemouth,FWD,60,1,CHE (A),CHE,Chelsea,team_chelsea,A,2026-10-10 14:00:00+00:00,1.3008896384667727,3.229656186436172,2.1382478808594665,0.0,0.0,5.0,22.20720782765577,0.402795085102314,0.06437177280550775,0.1006,0.0106,a,,False,False,current_season_history_only,X2_TEAM_CONSTRAINED_SIM_M7,2026-10-09T18:35:51.573649Z,official_2026-27_37972806849_1_team_current,official_2026-27_37972806849_1_minutes_current,official_2026-27_37972806849_1_xpoints_current,official_2026-27_37972806849_1_decision_current
phase9_frontend_v1,2026-27,6,player_code_565297,Mateo Joseph,team_leeds,FWD,45,1,ARS (A),ARS,Arsenal,team_arsenal,A,2026-10-10 11:30:00+00:00,0.08024033262918234,2.6320590135402084,0.5442486196583323,0.0,0.0,0.0,1.6755829075797763,0.03048576502897493,0.004675170348713837,0.005,0.0,i,Knee injury - Unknown return date,False,False,returning_player,X2_TEAM_CONSTRAINED_SIM_M7,2026-10-09T18:35:51.573649Z,official_2026-27_37972806849_1_team_current,official_2026-27_37972806849_1_minutes_current,official_2026-27_37972806849_1_xpoints_current,official_2026-27_37972806849_1_decision_current
phase9_frontend_v1,2026-27,6,player_code_566213,Mfuni,team_coventry_city,DEF,40,1,NEW (H),NEW,Newcastle,team_newcastle,H,2026-10-12 19:00:00+00:00,0.29190275174851665,2.4434044434364006,1.1428777012436633,0.0,0.0,1.0,9.92246435521782,0.11946558930619977,0.11304452092373683,0.0259,0.0011,a,,False,False,transferred_player,X2_TEAM_CONSTRAINED_SIM_M7,2026-10-09T18:35:51.573649Z,official_2026-27_37972806849_1_team_current,official_2026-27_37972806849_1_minutes_current,official_2026-27_37972806849_1_xpoints_current,official_2026-27_37972806849_1_decision_current
phase9_frontend_v1,2026-27,6,player_code_567119,Mheuka,team_chelsea,FWD,45,1,BOU (H),BOU,Bournemouth,team_bournemouth,H,2026-10-10 14:00:00+00:00,0.33885759230057333,3.293704270864019,1.2819781238383126,0.0,0.0,1.0,5.87471887976864,0.10288039375547298,0.024139414802065405,0.0282,0.0033,a,,False,False,returning_player,X2_TEAM_CONSTRAINED_SIM_M7,2026-10-09T18:35:51.573649Z,official_2026-27_37972806849_1_team_current,official_2026-27_37972806849_1_minutes_current,official_2026-27_37972806849_1_xpoints_current,official_2026-27_37972806849_1_decision_current
phase9_frontend_v1,2026-27,6,player_code_568420,Diomande,team_nottingham_forest,DEF,54,1,CRY (A),CRY,Crystal Palace,team_crystal_palace,A,2026-10-11 13:00:00+00:00,1.6974365619370944,2.69174872404388,2.320905650818232,0.0,1.0,6.0,44.9594479071113,0.6306073619631902,0.4361513292433538,0.1669,0.0056,a,,False,False,current_season_history_only,X2_TEAM_CONSTRAINED_SIM_M7,2026-10-09T18:35:51.573649Z,official_2026-27_37972806849_1_team_current,official_2026-27_37972806849_1_minutes_current,official_2026-27_37972806849_1_xpoints_current,official_2026-27_37972806849_1_decision_current
phase9_frontend_v1,2026-27,6,player_code_569577,Rowe,team_aston_villa,DEF,40,1,BRE (H),BRE,Brentford,team_brentford,H,2026-10-10 14:00:00+00:00,0.08111375791955108,2.7713571598898845,0.6477341970283799,0.0,0.0,0.0,2.1779607066496736,0.029268604961322997,0.02354547879434516,0.0074,0.0004,a,,False,False,returning_player,X2_TEAM_CONSTRAINED_SIM_M7,2026-10-09T18:35:51.573649Z,official_2026-27_37972806849_1_team_current,official_2026-27_37972806849_1_minutes_current,official_2026-27_37972806849_1_xpoints_current,official_2026-27_37972806849_1_decision_current
phase9_frontend_v1,2026-27,6,player_code_56979,Henderson,team_chelsea,MID,49,1,BOU (H),BOU,Bournemouth,team_bournemouth,H,2026-10-10 14:00:00+00:00,1.1752498974380912,2.4591897962862657,1.6407954625729557,0.0,0.0,3.0,32.45166169105697,0.4779012580537254,0.3043020608810739,0.0528,0.0014,a,,False,False,transferred_player,X2_TEAM_CONSTRAINED_SIM_M7,2026-10-09T18:35:51.573649Z,official_2026-27_37972806849_1_team_current,official_2026-27_37972806849_1_minutes_current,official_2026-27_37972806849_1_xpoints_current,official_2026-27_37972806849_1_decision_current
phase9_frontend_v1,2026-27,6,player_code_570241,Ji-soo,team_brentford,DEF,44,1,AVL (A),AVL,Aston Villa,team_aston_villa,A,2026-10-10 14:00:00+00:00,0.07889802389579058,2.2476657224650913,0.5120603089480769,0.0,0.0,0.0,2.0898038123593086,0.035102205415696974,0.009337000211550667,0.0054,0.0,a,,False,False,returning_player,X2_TEAM_CONSTRAINED_SIM_M7,2026-10-09T18:35:51.573649Z,official_2026-27_37972806849_1_team_current,official_2026-27_37972806849_1_minutes_current,official_2026-27_37972806849_1_xpoints_current,official_2026-27_37972806849_1_decision_current
phase9_frontend_v1,2026-27,6,player_code_570526,Bergvall,team_tottenham_hotspur,MID,53,1,MUN (A),MUN,Man Utd,team_manchester_united,A,2026-10-10 16:30:00+00:00,1.4389505465144816,2.2515891039783913,1.686781761224611,0.0,1.0,3.0,39.36645149063621,0.6390822126346066,0.24127004103967173,0.0665,0.0027,a,,False,False,returning_player,X2_TEAM_CONSTRAINED_SIM_M7,2026-10-09T18:35:51.573649Z,official_2026-27_37972806849_1_team_current,official_2026-27_37972806849_1_minutes_current,official_2026-27_37972806849_1_xpoints_current,official_2026-27_37972806849_1_decision_current
phase9_frontend_v1,2026-27,6,player_code_570794,Khalaili,team_crystal_palace,DEF,50,1,NFO (H),NFO,Nott'm Forest,team_nottingham_forest,H,2026-10-11 13:00:00+00:00,2.7384972211812713,3.148314648030567,2.8678084995340956,0.0,2.0,6.0,67.46897582889805,0.8698295841854125,0.7278735514655761,0.2901,0.0237,a,,False,False,current_season_history_only,X2_TEAM_CONSTRAINED_SIM_M7,2026-10-09T18:35:51.573649Z,official_2026-27_37972806849_1_team_current,official_2026-27_37972806849_1_minutes_current,official_2026-27_37972806849_1_xpoints_current,official_2026-27_37972806849_1_decision_current
phase9_frontend_v1,2026-27,6,player_code_571779,Palacios,team_fulham,MID,54,1,IPS (A),IPS,Ipswich Town,team_ipswich,A,2026-10-10 14:00:00+00:00,2.4127366365920317,3.4663449716116763,2.6475479806794815,0.0,2.0,7.0,48.25259661101147,0.6960463128602663,0.48381395348837225,0.1772,0.019,a,,False,False,current_season_history_only,X2_TEAM_CONSTRAINED_SIM_M7,2026-10-09T18:35:51.573649Z,official_2026-27_37972806849_1_team_current,official_2026-27_37972806849_1_minutes_current,official_2026-27_37972806849_1_xpoints_current,official_2026-27_37972806849_1_decision_current
phase9_frontend_v1,2026-27,6,player_code_572584,Ouattara,team_ipswich,DEF,40,1,FUL (H),FUL,Fulham,team_fulham,H,2026-10-10 14:00:00+00:00,1.8439172810938178,2.119860389458505,2.132731016795133,0.0,1.0,6.0,52.68784384588642,0.8698295841854125,0.26404021813224265,0.1505,0.0051,a,,False,False,current_season_history_only,X2_TEAM_CONSTRAINED_SIM_M7,2026-10-09T18:35:51.573649Z,official_2026-27_37972806849_1_team_current,official_2026-27_37972806849_1_minutes_current,official_2026-27_37972806849_1_xpoints_current,official_2026-27_37972806849_1_decision_current
phase9_frontend_v1,2026-27,6,player_code_575458,Jair Cunha,team_nottingham_forest,DEF,45,1,CRY (A),CRY,Crystal Palace,team_crystal_palace,A,2026-10-11 13:00:00+00:00,1.176017987622927,2.6805164411771814,2.046378926298842,0.0,0.0,5.0,34.6381399664166,0.4387281381890963,0.38716933385545843,0.1187,0.0023,a,,False,False,returning_player,X2_TEAM_CONSTRAINED_SIM_M7,2026-10-09T18:35:51.573649Z,official_2026-27_37972806849_1_team_current,official_2026-27_37972806849_1_minutes_current,official_2026-27_37972806849_1_xpoints_current,official_2026-27_37972806849_1_decision_current
phase9_frontend_v1,2026-27,6,player_code_575476,Murillo,team_nottingham_forest,DEF,55,1,CRY (A),CRY,Crystal Palace,team_crystal_palace,A,2026-10-11 13:00:00+00:00,2.519491205668398,2.8655993499809425,2.479622501511067,0.0,2.0,6.0,74.49561009830377,0.8792196319018405,0.8770257668711656,0.2504,0.0082,a,,False,False,returning_player,X2_TEAM_CONSTRAINED_SIM_M7,2026-10-09T18:35:51.573649Z,official_2026-27_37972806849_1_team_current,official_2026-27_37972806849_1_minutes_current,official_2026-27_37972806849_1_xpoints_current,official_2026-27_37972806849_1_decision_current
phase9_frontend_v1,2026-27,6,player_code_575901,Soler,team_bournemouth,DEF,40,1,CHE (A),CHE,Chelsea,team_chelsea,A,2026-10-10 14:00:00+00:00,0.21810383338712044,2.0756701676801064,0.9558502759323764,0.0,0.0,0.0,5.943844232531764,0.10507634439381397,0.016662954223690418,0.0181,0.0002,a,,False,False,returning_player,X2_TEAM_CONSTRAINED_SIM_M7,2026-10-09T18:35:51.573649Z,official_2026-27_37972806849_1_team_current,official_2026-27_37972806849_1_minutes_current,official_2026-27_37972806849_1_xpoints_current,official_2026-27_37972806849_1_decision_current
phase9_frontend_v1,2026-27,6,player_code_576620,Bendito Mantato,team_manchester_united,MID,44,1,TOT (H),TOT,Spurs,team_tottenham_hotspur,H,2026-10-10 16:30:00+00:00,0.18032194782176902,3.1020372234323115,0.9474274167449451,0.0,0.0,0.0,3.5587617571745174,0.058130168928871906,0.021042760690172545,0.0134,0.0014,a,,False,False,returning_player,X2_TEAM_CONSTRAINED_SIM_M7,2026-10-09T18:35:51.573649Z,official_2026-27_37972806849_1_team_current,official_2026-27_37972806849_1_minutes_current,official_2026-27_37972806849_1_xpoints_current,official_2026-27_37972806849_1_decision_current
phase9_frontend_v1,2026-27,6,player_code_576628,Lacey,team_manchester_united,MID,49,1,TOT (H),TOT,Spurs,team_tottenham_hotspur,H,2026-10-10 16:30:00+00:00,0.4490056908723582,2.9298612450640444,1.37647293834641,0.0,0.0,2.0,8.609630349716385,0.15325152057245062,0.023720930232558148,0.0296,0.0017,a,,False,False,returning_player,X2_TEAM_CONSTRAINED_SIM_M7,2026-10-09T18:35:51.573649Z,official_2026-27_37972806849_1_team_current,official_2026-27_37972806849_1_minutes_current,official_2026-27_37972806849_1_xpoints_current,official_2026-27_37972806849_1_decision_current
phase9_frontend_v1,2026-27,6,player_code_577016,Acheampong,team_chelsea,DEF,45,1,BOU (H),BOU,Bournemouth,team_bournemouth,H,2026-10-10 14:00:00+00:00,1.2428818742926802,2.727741777444502,2.15041406245402,0.0,0.0,6.0,29.96830114465851,0.4556449897750512,0.2240409596488603,0.1163,0.0051,a,,False,False,returning_player,X2_TEAM_CONSTRAINED_SIM_M7,2026-10-09T18:35:51.573649Z,official_2026-27_37972806849_1_team_current,official_2026-27_37972806849_1_minutes_current,official_2026-27_37972806849_1_xpoints_current,official_2026-27_37972806849_1_decision_current
phase9_frontend_v1,2026-27,6,player_code_577285,George Hemmings,team_aston_villa,MID,45,1,BRE (H),BRE,Brentford,team_brentford,H,2026-10-10 14:00:00+00:00,1.3510520182585644,2.9573109805252464,2.0629952593256244,0.0,0.0,4.0,31.600195128010128,0.4568515205724508,0.31465426356589143,0.0829,0.0067,a,,False,False,returning_player,X2_TEAM_CONSTRAINED_SIM_M7,2026-10-09T18:35:51.573649Z,official_2026-27_37972806849_1_team_current,official_2026-27_37972806849_1_minutes_current,official_2026-27_37972806849_1_xpoints_current,official_2026-27_37972806849_1_decision_current
phase9_frontend_v1,2026-27,6,player_code_577669,Sadiki,team_sunderland,MID,49,1,BHA (H),BHA,Brighton,team_brighton,H,2026-10-10 14:00:00+00:00,2.099795387864014,2.3583816637519406,1.5123792877449758,0.0,2.0,4.0,72.47951190063277,0.8903543561831537,0.8802968827313212,0.0755,0.0017,a,,False,False,returning_player,X2_TEAM_CONSTRAINED_SIM_M7,2026-10-09T18:35:51.573649Z,official_2026-27_37972806849_1_team_current,official_2026-27_37972806849_1_minutes_current,official_2026-27_37972806849_1_xpoints_current,official_2026-27_37972806849_1_decision_current
phase9_frontend_v1,2026-27,6,player_code_577725,King,team_fulham,MID,56,1,IPS (A),IPS,Ipswich Town,team_ipswich,A,2026-10-10 14:00:00+00:00,1.9948826003089255,3.2493793363641967,2.4366165044996313,0.0,2.0,6.0,42.83770471574692,0.6139272746594875,0.4381579553304168,0.1355,0.015,a,,False,False,returning_player,X2_TEAM_CONSTRAINED_SIM_M7,2026-10-09T18:35:51.573649Z,official_2026-27_37972806849_1_team_current,official_2026-27_37972806849_1_minutes_current,official_2026-27_37972806849_1_xpoints_current,official_2026-27_37972806849_1_decision_current
phase9_frontend_v1,2026-27,6,player_code_577974,Amass,team_manchester_united,DEF,40,1,TOT (H),TOT,Spurs,team_tottenham_hotspur,H,2026-10-10 16:30:00+00:00,0.19972053605672163,2.8766987846483483,0.9604541425804775,0.0,0.0,0.0,5.037209047164194,0.06942698940971526,0.04662461205341033,0.0197,0.0005,a,,False,False,returning_player,X2_TEAM_CONSTRAINED_SIM_M7,2026-10-09T18:35:51.573649Z,official_2026-27_37972806849_1_team_current,official_2026-27_37972806849_1_minutes_current,official_2026-27_37972806849_1_xpoints_current,official_2026-27_37972806849_1_decision_current
phase9_frontend_v1,2026-27,6,player_code_578153,Khusanov,team_manchester_city,DEF,54,1,LIV (A),LIV,Liverpool,team_liverpool,A,2026-10-11 15:30:00+00:00,1.1930274275916426,2.357321291724656,2.011114158868163,0.0,0.0,6.0,39.554179089107684,0.5060945369558867,0.4333443178498394,0.1168,0.0016,a,,False,False,returning_player,X2_TEAM_CONSTRAINED_SIM_M7,2026-10-09T18:35:51.573649Z,official_2026-27_37972806849_1_team_current,official_2026-27_37972806849_1_minutes_current,official_2026-27_37972806849_1_xpoints_current,official_2026-27_37972806849_1_decision_current
phase9_frontend_v1,2026-27,6,player_code_578512,Pivas,team_newcastle,DEF,40,1,COV (A),COV,Coventry City,team_coventry_city,A,2026-10-12 19:00:00+00:00,0.051331904092347315,3.088250627603082,0.5132637138937448,0.0,0.0,0.0,1.2368665741467284,0.016621676891615533,0.013371506475800956,0.0056,0.0001,a,,False,False,returning_player,X2_TEAM_CONSTRAINED_SIM_M7,2026-10-09T18:35:51.573649Z,official_2026-27_37972806849_1_team_current,official_2026-27_37972806849_1_minutes_current,official_2026-27_37972806849_1_xpoints_current,official_2026-27_37972806849_1_decision_current
phase9_frontend_v1,2026-27,6,player_code_586309,Barry,team_everton,FWD,57,1,HUL (A),HUL,Hull City,team_hull_city,A,2026-10-11 13:00:00+00:00,2.9788212501670857,3.0818575662654375,2.100569044330607,1.0,2.0,6.0,67.50357790823138,0.9665668143699417,0.6944343941114,0.2086,0.0183,a,,False,False,returning_player,X2_TEAM_CONSTRAINED_SIM_M7,2026-10-09T18:35:51.573649Z,official_2026-27_37972806849_1_team_current,official_2026-27_37972806849_1_minutes_current,official_2026-27_37972806849_1_xpoints_current,official_2026-27_37972806849_1_decision_current
phase9_frontend_v1,2026-27,6,player_code_587982,Bahoya,team_leeds,MID,50,1,ARS (A),ARS,Arsenal,team_arsenal,A,2026-10-10 11:30:00+00:00,0.4841501148128692,2.3577986163731666,1.2648293323606943,0.0,0.0,2.0,11.782906868423545,0.20533989266547403,0.041935215946843865,0.0222,0.0015,d,Ankle injury - 75% chance of playing,False,False,current_season_history_only,X2_TEAM_CONSTRAINED_SIM_M7,2026-10-09T18:35:51.573649Z,official_2026-27_37972806849_1_team_current,official_2026-27_37972806849_1_minutes_current,official_2026-27_37972806849_1_xpoints_current,official_2026-27_37972806849_1_decision_current
phase9_frontend_v1,2026-27,6,player_code_591386,Nyoni,team_liverpool,MID,49,1,MCI (H),MCI,Man City,team_manchester_city,H,2026-10-11 15:30:00+00:00,0.6498254920418797,2.5725486890163882,1.4549166848998605,0.0,0.0,2.0,13.447581368306572,0.25259988073941564,0.00853953488372093,0.0327,0.0017,a,,False,False,returning_player,X2_TEAM_CONSTRAINED_SIM_M7,2026-10-09T18:35:51.573649Z,official_2026-27_37972806849_1_team_current,official_2026-27_37972806849_1_minutes_current,official_2026-27_37972806849_1_xpoints_current,official_2026-27_37972806849_1_decision_current
phase9_frontend_v1,2026-27,6,player_code_592031,Minteh,team_brighton,MID,58,1,SUN (A),SUN,Sunderland,team_sunderland,A,2026-10-10 14:00:00+00:00,1.292578729355475,3.250710922655075,2.1774847048831365,0.0,0.0,4.0,25.70263130977048,0.3976295524610163,0.1798621067031464,0.0889,0.0098,i,Leg injury - Expected back 28 Nov,False,False,returning_player,X2_TEAM_CONSTRAINED_SIM_M7,2026-10-09T18:35:51.573649Z,official_2026-27_37972806849_1_team_current,official_2026-27_37972806849_1_minutes_current,official_2026-27_37972806849_1_xpoints_current,official_2026-27_37972806849_1_decision_current
phase9_frontend_v1,2026-27,6,player_code_592740,Cresswell,team_leeds,MID,45,1,ARS (A),ARS,Arsenal,team_arsenal,A,2026-10-10 11:30:00+00:00,0.23351547244080573,2.5346630892118527,0.8858145178309058,0.0,0.0,0.0,6.271523217099238,0.092128801431127,0.059302325581395365,0.0098,0.0005,a,,False,False,returning_player,X2_TEAM_CONSTRAINED_SIM_M7,2026-10-09T18:35:51.573649Z,official_2026-27_37972806849_1_team_current,official_2026-27_37972806849_1_minutes_current,official_2026-27_37972806849_1_xpoints_current,official_2026-27_37972806849_1_decision_current
phase9_frontend_v1,2026-27,6,player_code_592984,Andrés,team_brighton,MID,55,1,SUN (A),SUN,Sunderland,team_sunderland,A,2026-10-10 14:00:00+00:00,2.0059278340493956,3.332567237564339,2.579356119266977,0.0,1.0,6.0,39.37656206500317,0.6019166879631994,0.32176079734219276,0.1448,0.0196,a,,False,False,current_season_history_only,X2_TEAM_CONSTRAINED_SIM_M7,2026-10-09T18:35:51.573649Z,official_2026-27_37972806849_1_team_current,official_2026-27_37972806849_1_minutes_current,official_2026-27_37972806849_1_xpoints_current,official_2026-27_37972806849_1_decision_current
phase9_frontend_v1,2026-27,6,player_code_593117,Quenda,team_chelsea,MID,53,1,BOU (H),BOU,Bournemouth,team_bournemouth,H,2026-10-10 14:00:00+00:00,1.1181868383530127,2.7655706504859916,1.8645768179401994,0.0,0.0,3.0,22.95560245108497,0.4043240906380441,0.07248062015503877,0.0641,0.0043,a,,False,False,current_season_history_only,X2_TEAM_CONSTRAINED_SIM_M7,2026-10-09T18:35:51.573649Z,official_2026-27_37972806849_1_team_current,official_2026-27_37972806849_1_minutes_current,official_2026-27_37972806849_1_xpoints_current,official_2026-27_37972806849_1_decision_current
phase9_frontend_v1,2026-27,6,player_code_593174,Furo,team_brentford,FWD,45,1,AVL (A),AVL,Aston Villa,team_aston_villa,A,2026-10-10 14:00:00+00:00,0.11916234827687665,3.219322169514751,0.7055739224206065,0.0,0.0,0.0,2.1489617967809194,0.03701473229528873,0.010027141533165631,0.0083,0.0007,i,Unspecified injury - Unknown return date,False,False,returning_player,X2_TEAM_CONSTRAINED_SIM_M7,2026-10-09T18:35:51.573649Z,official_2026-27_37972806849_1_team_current,official_2026-27_37972806849_1_minutes_current,official_2026-27_37972806849_1_xpoints_current,official_2026-27_37972806849_1_decision_current
phase9_frontend_v1,2026-27,6,player_code_595480,Samba,team_manchester_city,MID,45,1,LIV (A),LIV,Liverpool,team_liverpool,A,2026-10-11 15:30:00+00:00,0.4316275635501981,2.9813921556432925,1.3825914472467997,0.0,0.0,2.0,9.855250769727375,0.14477383082034245,0.09318936877076414,0.0281,0.0033,a,,False,False,current_season_history_only,X2_TEAM_CONSTRAINED_SIM_M7,2026-10-09T18:35:51.573649Z,official_2026-27_37972806849_1_team_current,official_2026-27_37972806849_1_minutes_current,official_2026-27_37972806849_1_xpoints_current,official_2026-27_37972806849_1_decision_current
phase9_frontend_v1,2026-27,6,player_code_596777,Dorgu,team_manchester_united,MID,58,1,TOT (H),TOT,Spurs,team_tottenham_hotspur,H,2026-10-10 16:30:00+00:00,1.3799776739087632,3.100312753461996,2.1925897723924557,0.0,0.0,4.0,28.126653945536688,0.4451091820874513,0.19716949294700728,0.0908,0.0089,i,Hamstring injury - Expected back 25 Oct,False,False,position_change,X2_TEAM_CONSTRAINED_SIM_M7,2026-10-09T18:35:51.573649Z,official_2026-27_37972806849_1_team_current,official_2026-27_37972806849_1_minutes_current,official_2026-27_37972806849_1_xpoints_current,official_2026-27_37972806849_1_decision_current
phase9_frontend_v1,2026-27,6,player_code_59735,Darlow,team_manchester_united,GKP,45,1,TOT (H),TOT,Spurs,team_tottenham_hotspur,H,2026-10-10 16:30:00+00:00,0.2866888696346796,3.0945888075172134,1.1053904106694612,0.0,0.0,0.0,6.759538437568737,0.0926419913813008,0.06065681647774887,0.0241,0.0,d,Unspecified injury - 75% chance of playing,False,False,transferred_player,X2_TEAM_CONSTRAINED_SIM_M7,2026-10-09T18:35:51.573649Z,official_2026-27_37972806849_1_team_current,official_2026-27_37972806849_1_minutes_current,official_2026-27_37972806849_1_xpoints_current,official_2026-27_37972806849_1_decision_current
phase9_frontend_v1,2026-27,6,player_code_597462,Herrington,team_hull_city,DEF,40,1,EVE (H),EVE,Everton,team_everton,H,2026-10-11 13:00:00+00:00,2.6206244417021693,3.0128021503848488,2.5072995433334246,0.0,2.0,6.0,52.68784384588642,0.8698295841854125,0.26404021813224265,0.2882,0.0072,a,,False,False,current_season_history_only,X2_TEAM_CONSTRAINED_SIM_M7,2026-10-09T18:35:51.573649Z,official_2026-27_37972806849_1_team_current,official_2026-27_37972806849_1_minutes_current,official_2026-27_37972806849_1_xpoints_current,official_2026-27_37972806849_1_decision_current
phase9_frontend_v1,2026-27,6,player_code_601767,Salia,team_newcastle,FWD,45,1,COV (A),COV,Coventry City,team_coventry_city,A,2026-10-12 19:00:00+00:00,0.7167786715483506,3.585127480798827,1.79082224411023,0.0,0.0,3.0,13.231812716467992,0.1999311531841652,0.11586919104991393,0.0608,0.007,a,,False,False,current_season_history_only,X2_TEAM_CONSTRAINED_SIM_M7,2026-10-09T18:35:51.573649Z,official_2026-27_37972806849_1_team_current,official_2026-27_37972806849_1_minutes_current,official_2026-27_37972806849_1_xpoints_current,official_2026-27_37972806849_1_decision_current
phase9_frontend_v1,2026-27,6,player_code_60307,Groß,team_brighton,MID,59,1,SUN (A),SUN,Sunderland,team_sunderland,A,2026-10-10 14:00:00+00:00,3.0758876737454477,3.9375211547956095,2.743329056092251,0.0,3.0,7.0,61.37394698357534,0.7811736249338608,0.6967179823124797,0.223,0.0282,a,,False,False,returning_player,X2_TEAM_CONSTRAINED_SIM_M7,2026-10-09T18:35:51.573649Z,official_2026-27_37972806849_1_team_current,official_2026-27_37972806849_1_minutes_current,official_2026-27_37972806849_1_xpoints_current,official_2026-27_37972806849_1_decision_current
phase9_frontend_v1,2026-27,6,player_code_605972,Ahanor,team_crystal_palace,DEF,45,1,NFO (H),NFO,Nott'm Forest,team_nottingham_forest,H,2026-10-11 13:00:00+00:00,1.1187477204667398,2.979393028317968,2.16159625971179,0.0,0.0,6.0,30.112861645209204,0.3754951796669588,0.34676599474145486,0.1189,0.0056,a,,False,False,current_season_history_only,X2_TEAM_CONSTRAINED_SIM_M7,2026-10-09T18:35:51.573649Z,official_2026-27_37972806849_1_team_current,official_2026-27_37972806849_1_minutes_current,official_2026-27_37972806849_1_xpoints_current,official_2026-27_37972806849_1_decision_current
phase9_frontend_v1,2026-27,6,player_code_606702,Jacquet,team_liverpool,DEF,50,1,MCI (H),MCI,Man City,team_manchester_city,H,2026-10-11 15:30:00+00:00,2.168970153040717,2.493557580099943,2.3369188582404825,0.0,2.0,6.0,71.0968216747957,0.8698295841854125,0.8474846625766873,0.1902,0.0072,a,,False,False,current_season_history_only,X2_TEAM_CONSTRAINED_SIM_M7,2026-10-09T18:35:51.573649Z,official_2026-27_37972806849_1_team_current,official_2026-27_37972806849_1_minutes_current,official_2026-27_37972806849_1_xpoints_current,official_2026-27_37972806849_1_decision_current
phase9_frontend_v1,2026-27,6,player_code_606745,Heaven,team_manchester_united,DEF,43,1,TOT (H),TOT,Spurs,team_tottenham_hotspur,H,2026-10-10 16:30:00+00:00,0.6997813119012855,2.84475852869194,1.7272478426676352,0.0,0.0,2.0,17.604256269768857,0.24598970522220553,0.17253526859194976,0.0664,0.0032,a,,False,False,returning_player,X2_TEAM_CONSTRAINED_SIM_M7,2026-10-09T18:35:51.573649Z,official_2026-27_37972806849_1_team_current,official_2026-27_37972806849_1_minutes_current,official_2026-27_37972806849_1_xpoints_current,official_2026-27_37972806849_1_decision_current
phase9_frontend_v1,2026-27,6,player_code_606798,A.García,team_aston_villa,DEF,40,1,BRE (H),BRE,Brentford,team_brentford,H,2026-10-10 14:00:00+00:00,0.5199792317316688,2.475574645281022,1.4092423496333057,0.0,0.0,2.0,13.330873571970429,0.21004385091875988,0.08576336546888694,0.0444,0.001,a,,False,False,returning_player,X2_TEAM_CONSTRAINED_SIM_M7,2026-10-09T18:35:51.573649Z,official_2026-27_37972806849_1_team_current,official_2026-27_37972806849_1_minutes_current,official_2026-27_37972806849_1_xpoints_current,official_2026-27_37972806849_1_decision_current
phase9_frontend_v1,2026-27,6,player_code_60689,Wood,team_nottingham_forest,FWD,58,1,CRY (A),CRY,Crystal Palace,team_crystal_palace,A,2026-10-11 13:00:00+00:00,2.8527938418310956,3.8132546186202854,2.6747656645022193,0.0,2.0,7.0,46.93440991795911,0.7481257159961943,0.33564233865363846,0.2185,0.0321,a,,False,False,returning_player,X2_TEAM_CONSTRAINED_SIM_M7,2026-10-09T18:35:51.573649Z,official_2026-27_37972806849_1_team_current,official_2026-27_37972806849_1_minutes_current,official_2026-27_37972806849_1_xpoints_current,official_2026-27_37972806849_1_decision_current
phase9_frontend_v1,2026-27,6,player_code_606930,Mendy,team_hull_city,DEF,41,1,EVE (H),EVE,Everton,team_everton,H,2026-10-11 13:00:00+00:00,2.735375187058021,3.9204568785535447,3.038436644065497,0.0,2.0,7.0,56.89496201348536,0.6977184730743013,0.6753735514655759,0.3018,0.0265,a,,False,False,current_season_history_only,X2_TEAM_CONSTRAINED_SIM_M7,2026-10-09T18:35:51.573649Z,official_2026-27_37972806849_1_team_current,official_2026-27_37972806849_1_minutes_current,official_2026-27_37972806849_1_xpoints_current,official_2026-27_37972806849_1_decision_current
phase9_frontend_v1,2026-27,6,player_code_607464,Kayode,team_brentford,DEF,46,1,AVL (A),AVL,Aston Villa,team_aston_villa,A,2026-10-10 14:00:00+00:00,2.3377741762615076,2.5169503581815986,2.4168028467378138,0.0,2.0,6.0,71.95237147941984,0.9288121907777558,0.7742090111484927,0.2228,0.0082,a,,False,False,returning_player,X2_TEAM_CONSTRAINED_SIM_M7,2026-10-09T18:35:51.573649Z,official_2026-27_37972806849_1_team_current,official_2026-27_37972806849_1_minutes_current,official_2026-27_37972806849_1_xpoints_current,official_2026-27_37972806849_1_decision_current
phase9_frontend_v1,2026-27,6,player_code_608181,Tzimas,team_brighton,FWD,54,1,SUN (A),SUN,Sunderland,team_sunderland,A,2026-10-10 14:00:00+00:00,0.36714406324384413,3.2752989383647315,1.2967827265968652,0.0,0.0,1.0,6.08114245016196,0.11209482558778261,0.014155051818215112,0.032,0.0031,i,Knee injury - Unknown return date,False,False,returning_player,X2_TEAM_CONSTRAINED_SIM_M7,2026-10-09T18:35:51.573649Z,official_2026-27_37972806849_1_team_current,official_2026-27_37972806849_1_minutes_current,official_2026-27_37972806849_1_xpoints_current,official_2026-27_37972806849_1_decision_current
phase9_frontend_v1,2026-27,6,player_code_608227,Stroud,team_hull_city,MID,50,1,EVE (H),EVE,Everton,team_everton,H,2026-10-11 13:00:00+00:00,2.086925754060823,2.998257034772599,2.198088114703321,0.0,2.0,5.0,54.21057507386617,0.6960463128602663,0.6559250645994832,0.1168,0.0086,a,,False,False,current_season_history_only,X2_TEAM_CONSTRAINED_SIM_M7,2026-10-09T18:35:51.573649Z,official_2026-27_37972806849_1_team_current,official_2026-27_37972806849_1_minutes_current,official_2026-27_37972806849_1_xpoints_current,official_2026-27_37972806849_1_decision_current
phase9_frontend_v1,2026-27,6,player_code_609873,Armstrong,team_everton,MID,50,1,HUL (A),HUL,Hull City,team_hull_city,A,2026-10-11 13:00:00+00:00,1.1676996840361822,2.4661546104334806,1.6667206574588316,0.0,0.0,3.0,34.14037648919118,0.47349005577186154,0.38322298221614226,0.0505,0.002,a,,False,False,returning_player,X2_TEAM_CONSTRAINED_SIM_M7,2026-10-09T18:35:51.573649Z,official_2026-27_37972806849_1_team_current,official_2026-27_37972806849_1_minutes_current,official_2026-27_37972806849_1_xpoints_current,official_2026-27_37972806849_1_decision_current
phase9_frontend_v1,2026-27,6,player_code_610799,Vuskovic,team_brighton,DEF,50,1,SUN (A),SUN,Sunderland,team_sunderland,A,2026-10-10 14:00:00+00:00,1.3219856013286089,3.4315752905729715,2.4633048938367335,0.0,0.0,6.0,32.48984421639214,0.3852416133664013,0.3796402558412739,0.1337,0.0108,a,,False,False,transferred_player,X2_TEAM_CONSTRAINED_SIM_M7,2026-10-09T18:35:51.573649Z,official_2026-27_37972806849_1_team_current,official_2026-27_37972806849_1_minutes_current,official_2026-27_37972806849_1_xpoints_current,official_2026-27_37972806849_1_decision_current
phase9_frontend_v1,2026-27,6,player_code_611665,Touré,team_newcastle,MID,58,1,COV (A),COV,Coventry City,team_coventry_city,A,2026-10-12 19:00:00+00:00,1.7569422008940496,3.0479439762920837,2.298401129046016,0.0,1.0,5.0,31.97668075043204,0.5764352017491552,0.07248062015503877,0.113,0.0095,a,,False,False,current_season_history_only,X2_TEAM_CONSTRAINED_SIM_M7,2026-10-09T18:35:51.573649Z,official_2026-27_37972806849_1_team_current,official_2026-27_37972806849_1_minutes_current,official_2026-27_37972806849_1_xpoints_current,official_2026-27_37972806849_1_decision_current
phase9_frontend_v1,2026-27,6,player_code_611695,Yalcouyé,team_brighton,MID,45,1,SUN (A),SUN,Sunderland,team_sunderland,A,2026-10-10 14:00:00+00:00,1.319167272053601,3.42798945828908,2.3356016698058766,0.0,0.0,4.0,25.97611620851315,0.3848224412895369,0.238660003298697,0.095,0.0116,a,,False,False,returning_player,X2_TEAM_CONSTRAINED_SIM_M7,2026-10-09T18:35:51.573649Z,official_2026-27_37972806849_1_team_current,official_2026-27_37972806849_1_minutes_current,official_2026-27_37972806849_1_xpoints_current,official_2026-27_37972806849_1_decision_current
phase9_frontend_v1,2026-27,6,player_code_611917,Williams-Barnett,team_tottenham_hotspur,MID,45,1,MUN (A),MUN,Man Utd,team_manchester_united,A,2026-10-10 16:30:00+00:00,0.06658366788544533,2.710213860288642,0.47947169885197605,0.0,0.0,0.0,1.6724061912264634,0.024567680381633816,0.015813953488372095,0.0027,0.0001,a,,False,False,returning_player,X2_TEAM_CONSTRAINED_SIM_M7,2026-10-09T18:35:51.573649Z,official_2026-27_37972806849_1_team_current,official_2026-27_37972806849_1_minutes_current,official_2026-27_37972806849_1_xpoints_current,official_2026-27_37972806849_1_decision_current
phase9_frontend_v1,2026-27,6,player_code_611922,Ngumoha,team_liverpool,MID,57,1,MCI (H),MCI,Man City,team_manchester_city,H,2026-10-11 15:30:00+00:00,1.5289698023243092,3.0150377885224464,2.2215784568634978,0.0,0.0,4.0,30.143591673266883,0.5071146398710971,0.14648411677387435,0.0941,0.0094,a,,False,False,returning_player,X2_TEAM_CONSTRAINED_SIM_M7,2026-10-09T18:35:51.573649Z,official_2026-27_37972806849_1_team_current,official_2026-27_37972806849_1_minutes_current,official_2026-27_37972806849_1_xpoints_current,official_2026-27_37972806849_1_decision_current
phase9_frontend_v1,2026-27,6,player_code_612534,Fredrick,team_brentford,DEF,40,1,AVL (A),AVL,Aston Villa,team_aston_villa,A,2026-10-10 14:00:00+00:00,0.045902299271670825,2.4547489439902734,0.45146994362858756,0.0,0.0,0.0,1.3914748959150693,0.01869938650306746,0.015042944785276074,0.0038,0.0002,a,,False,False,returning_player,X2_TEAM_CONSTRAINED_SIM_M7,2026-10-09T18:35:51.573649Z,official_2026-27_37972806849_1_team_current,official_2026-27_37972806849_1_minutes_current,official_2026-27_37972806849_1_xpoints_current,official_2026-27_37972806849_1_decision_current
phase9_frontend_v1,2026-27,6,player_code_612855,Osman,team_brighton,MID,50,1,SUN (A),SUN,Sunderland,team_sunderland,A,2026-10-10 14:00:00+00:00,0.5787268477846141,2.6786608555643605,1.4506781310821502,0.0,0.0,2.0,11.766151816863784,0.21605081008386318,0.018169223156853046,0.0324,0.0017,a,,False,False,returning_player,X2_TEAM_CONSTRAINED_SIM_M7,2026-10-09T18:35:51.573649Z,official_2026-27_37972806849_1_team_current,official_2026-27_37972806849_1_minutes_current,official_2026-27_37972806849_1_xpoints_current,official_2026-27_37972806849_1_decision_current
phase9_frontend_v1,2026-27,6,player_code_613221,Fernandez-Pardo,team_newcastle,FWD,60,1,COV (A),COV,Coventry City,team_coventry_city,A,2026-10-12 19:00:00+00:00,2.798468280035532,3.3776621839104073,2.47082754558063,0.0,2.0,6.0,56.40573911583574,0.8285222522744037,0.5399065650356526,0.231,0.0238,a,,False,False,current_season_history_only,X2_TEAM_CONSTRAINED_SIM_M7,2026-10-09T18:35:51.573649Z,official_2026-27_37972806849_1_team_current,official_2026-27_37972806849_1_minutes_current,official_2026-27_37972806849_1_xpoints_current,official_2026-27_37972806849_1_decision_current
phase9_frontend_v1,2026-27,6,player_code_613804,Diouf,team_brentford,DEF,45,1,AVL (A),AVL,Aston Villa,team_aston_villa,A,2026-10-10 14:00:00+00:00,1.8845917885939125,2.560670686636512,2.349230512316746,0.0,1.0,6.0,55.68259181654521,0.7359758513381346,0.5295106961856494,0.1804,0.0047,a,,False,False,transferred_player,X2_TEAM_CONSTRAINED_SIM_M7,2026-10-09T18:35:51.573649Z,official_2026-27_37972806849_1_team_current,official_2026-27_37972806849_1_minutes_current,official_2026-27_37972806849_1_xpoints_current,official_2026-27_37972806849_1_decision_current
phase9_frontend_v1,2026-27,6,player_code_614071,Manzambi,team_aston_villa,MID,59,1,BRE (H),BRE,Brentford,team_brentford,H,2026-10-10 14:00:00+00:00,1.7432982901344676,3.8161260009287403,2.670487504183459,0.0,0.0,6.0,29.894332430251524,0.4568240906380441,0.24459173126614986,0.1362,0.0222,a,,False,False,current_season_history_only,X2_TEAM_CONSTRAINED_SIM_M7,2026-10-09T18:35:51.573649Z,official_2026-27_37972806849_1_team_current,official_2026-27_37972806849_1_minutes_current,official_2026-27_37972806849_1_xpoints_current,official_2026-27_37972806849_1_decision_current
phase9_frontend_v1,2026-27,6,player_code_614574,Tóth.A,team_bournemouth,MID,49,1,CHE (A),CHE,Chelsea,team_chelsea,A,2026-10-10 14:00:00+00:00,1.1571378384160038,2.5598317757814315,1.8044930562349084,0.0,0.0,3.0,25.398339081793885,0.4520366726296958,0.07009302325581397,0.0627,0.0042,a,,False,False,returning_player,X2_TEAM_CONSTRAINED_SIM_M7,2026-10-09T18:35:51.573649Z,official_2026-27_37972806849_1_team_current,official_2026-27_37972806849_1_minutes_current,official_2026-27_37972806849_1_xpoints_current,official_2026-27_37972806849_1_decision_current
phase9_frontend_v1,2026-27,6,player_code_616069,Zepa,team_fulham,MID,44,1,IPS (A),IPS,Ipswich Town,team_ipswich,A,2026-10-10 14:00:00+00:00,0.4208921094155316,3.322558717221989,1.4532377644418686,0.0,0.0,2.0,8.623344423511455,0.1266771019677997,0.08154069767441863,0.0306,0.0045,a,,False,False,current_season_history_only,X2_TEAM_CONSTRAINED_SIM_M7,2026-10-09T18:35:51.573649Z,official_2026-27_37972806849_1_team_current,official_2026-27_37972806849_1_minutes_current,official_2026-27_37972806849_1_xpoints_current,official_2026-27_37972806849_1_decision_current
phase9_frontend_v1,2026-27,6,player_code_616077,Dowman,team_arsenal,MID,53,1,LEE (H),LEE,Leeds,team_leeds,H,2026-10-10 11:30:00+00:00,0.669758992883426,3.228186611687226,1.6948898223778441,0.0,0.0,3.0,11.70689280460028,0.20747220450597603,0.03421638018200203,0.0443,0.0045,a,,False,False,returning_player,X2_TEAM_CONSTRAINED_SIM_M7,2026-10-09T18:35:51.573649Z,official_2026-27_37972806849_1_team_current,official_2026-27_37972806849_1_minutes_current,official_2026-27_37972806849_1_xpoints_current,official_2026-27_37972806849_1_decision_current
phase9_frontend_v1,2026-27,6,player_code_616222,Vitor Reis,team_manchester_city,DEF,45,1,LIV (A),LIV,Liverpool,team_liverpool,A,2026-10-11 15:30:00+00:00,0.1891158611174658,2.345539581277405,0.8864591079119216,0.0,0.0,0.0,4.68260911799258,0.08062787028921992,0.017191936897458373,0.0164,0.0003,a,,False,False,returning_player,X2_TEAM_CONSTRAINED_SIM_M7,2026-10-09T18:35:51.573649Z,official_2026-27_37972806849_1_team_current,official_2026-27_37972806849_1_minutes_current,official_2026-27_37972806849_1_xpoints_current,official_2026-27_37972806849_1_decision_current
phase9_frontend_v1,2026-27,6,player_code_616288,McAidoo,team_manchester_city,MID,44,1,LIV (A),LIV,Liverpool,team_liverpool,A,2026-10-11 15:30:00+00:00,0.4641822642653538,2.683971462187625,1.3173699708130588,0.0,0.0,2.0,9.57153114396726,0.17294605058394052,0.02082813386273398,0.0263,0.0016,a,,False,False,returning_player,X2_TEAM_CONSTRAINED_SIM_M7,2026-10-09T18:35:51.573649Z,official_2026-27_37972806849_1_team_current,official_2026-27_37972806849_1_minutes_current,official_2026-27_37972806849_1_xpoints_current,official_2026-27_37972806849_1_decision_current
phase9_frontend_v1,2026-27,6,player_code_620109,Palestra,team_chelsea,DEF,53,1,BOU (H),BOU,Bournemouth,team_bournemouth,H,2026-10-10 14:00:00+00:00,0.3118903858094594,2.729319947402035,1.3090904285036997,0.0,0.0,1.0,8.50345769725876,0.1142740286298568,0.09192910702113159,0.0347,0.0021,a,,False,False,current_season_history_only,X2_TEAM_CONSTRAINED_SIM_M7,2026-10-09T18:35:51.573649Z,official_2026-27_37972806849_1_team_current,official_2026-27_37972806849_1_minutes_current,official_2026-27_37972806849_1_xpoints_current,official_2026-27_37972806849_1_decision_current
phase9_frontend_v1,2026-27,6,player_code_620487,Milosavljević,team_bournemouth,DEF,49,1,CHE (A),CHE,Chelsea,team_chelsea,A,2026-10-10 14:00:00+00:00,0.2032290045756206,2.0876772108254342,0.9417329557788663,0.0,0.0,0.0,6.199982782456011,0.09734694785276077,0.04053162297824875,0.0168,0.0007,i,Thigh injury - Unknown return date,False,False,returning_player,X2_TEAM_CONSTRAINED_SIM_M7,2026-10-09T18:35:51.573649Z,official_2026-27_37972806849_1_team_current,official_2026-27_37972806849_1_minutes_current,official_2026-27_37972806849_1_xpoints_current,official_2026-27_37972806849_1_decision_current
phase9_frontend_v1,2026-27,6,player_code_622758,Anselmino,team_chelsea,DEF,45,1,BOU (H),BOU,Bournemouth,team_bournemouth,H,2026-10-10 14:00:00+00:00,0.060239931446953617,2.7293199474020424,0.5120068358918657,0.0,0.0,0.0,1.6423965984571312,0.022071407020013978,0.01775560695967012,0.0059,0.0,a,,False,False,returning_player,X2_TEAM_CONSTRAINED_SIM_M7,2026-10-09T18:35:51.573649Z,official_2026-27_37972806849_1_team_current,official_2026-27_37972806849_1_minutes_current,official_2026-27_37972806849_1_xpoints_current,official_2026-27_37972806849_1_decision_current
phase9_frontend_v1,2026-27,6,player_code_624773,Estêvão,team_chelsea,MID,63,1,BOU (H),BOU,Bournemouth,team_bournemouth,H,2026-10-10 14:00:00+00:00,2.153750921018676,3.2139560625216097,2.4648316453664743,0.0,2.0,6.0,40.03815987305571,0.6701245689491111,0.20199901039089568,0.1562,0.0149,a,,False,False,returning_player,X2_TEAM_CONSTRAINED_SIM_M7,2026-10-09T18:35:51.573649Z,official_2026-27_37972806849_1_team_current,official_2026-27_37972806849_1_minutes_current,official_2026-27_37972806849_1_xpoints_current,official_2026-27_37972806849_1_decision_current
phase9_frontend_v1,2026-27,6,player_code_624777,Allan,team_manchester_city,MID,60,1,LIV (A),LIV,Liverpool,team_liverpool,A,2026-10-11 15:30:00+00:00,0.4316275635501981,2.9813921556432925,1.3358147176910427,0.0,0.0,2.0,9.855250769727375,0.14477383082034245,0.09318936877076414,0.0259,0.0027,a,,False,False,current_season_history_only,X2_TEAM_CONSTRAINED_SIM_M7,2026-10-09T18:35:51.573649Z,official_2026-27_37972806849_1_team_current,official_2026-27_37972806849_1_minutes_current,official_2026-27_37972806849_1_xpoints_current,official_2026-27_37972806849_1_decision_current
phase9_frontend_v1,2026-27,6,player_code_626464,Nunes,team_brentford,MID,45,1,AVL (A),AVL,Aston Villa,team_aston_villa,A,2026-10-10 14:00:00+00:00,0.13730726662907214,2.7046348786163548,0.799604302139502,0.0,0.0,0.0,2.9206146295835653,0.05076739478391856,0.010674418604651164,0.009,0.0007,a,,False,False,returning_player,X2_TEAM_CONSTRAINED_SIM_M7,2026-10-09T18:35:51.573649Z,official_2026-27_37972806849_1_team_current,official_2026-27_37972806849_1_minutes_current,official_2026-27_37972806849_1_xpoints_current,official_2026-27_37972806849_1_decision_current
phase9_frontend_v1,2026-27,6,player_code_626751,Ansah,team_hull_city,FWD,50,1,EVE (H),EVE,Everton,team_everton,H,2026-10-11 13:00:00+00:00,0.2587852017168235,3.2947640100874085,1.0731849980315602,0.0,0.0,0.0,4.980344300300384,0.07854438160806487,0.037243668551758057,0.0197,0.0014,i,Back injury - Unknown return date,False,False,current_season_history_only,X2_TEAM_CONSTRAINED_SIM_M7,2026-10-09T18:35:51.573649Z,official_2026-27_37972806849_1_team_current,official_2026-27_37972806849_1_minutes_current,official_2026-27_37972806849_1_xpoints_current,official_2026-27_37972806849_1_decision_current
phase9_frontend_v1,2026-27,6,player_code_627221,Cherif,team_coventry_city,FWD,50,1,NEW (H),NEW,Newcastle,team_newcastle,H,2026-10-12 19:00:00+00:00,0.9124334084763941,3.2220517129431174,1.8707573225835572,0.0,0.0,3.0,16.384026504844254,0.28318397399120276,0.07455695799069295,0.0718,0.006,a,,False,False,current_season_history_only,X2_TEAM_CONSTRAINED_SIM_M7,2026-10-09T18:35:51.573649Z,official_2026-27_37972806849_1_team_current,official_2026-27_37972806849_1_minutes_current,official_2026-27_37972806849_1_xpoints_current,official_2026-27_37972806849_1_decision_current
phase9_frontend_v1,2026-27,6,player_code_629068,Graham,team_everton,MID,45,1,HUL (A),HUL,Hull City,team_hull_city,A,2026-10-11 13:00:00+00:00,0.10762676244872975,2.8674505306949114,0.6333327640348319,0.0,0.0,0.0,2.5550650143737634,0.03753395613860755,0.024160206718346254,0.0056,0.0003,a,,False,False,position_change,X2_TEAM_CONSTRAINED_SIM_M7,2026-10-09T18:35:51.573649Z,official_2026-27_37972806849_1_team_current,official_2026-27_37972806849_1_minutes_current,official_2026-27_37972806849_1_xpoints_current,official_2026-27_37972806849_1_decision_current
phase9_frontend_v1,2026-27,6,player_code_631000,Vaz,team_hull_city,FWD,50,1,EVE (H),EVE,Everton,team_everton,H,2026-10-11 13:00:00+00:00,1.7901358708435944,2.9838043388200406,2.1757030105232653,0.0,1.0,5.0,32.73168122580362,0.5999508237029751,0.08276370789279566,0.133,0.009,a,,False,False,current_season_history_only,X2_TEAM_CONSTRAINED_SIM_M7,2026-10-09T18:35:51.573649Z,official_2026-27_37972806849_1_team_current,official_2026-27_37972806849_1_minutes_current,official_2026-27_37972806849_1_xpoints_current,official_2026-27_37972806849_1_decision_current
phase9_frontend_v1,2026-27,6,player_code_631786,Kusi-Asare,team_fulham,FWD,45,1,IPS (A),IPS,Ipswich Town,team_ipswich,A,2026-10-10 14:00:00+00:00,0.5838050881752618,3.314489082242601,1.603266864873094,0.0,0.0,2.0,9.423681106411246,0.17613727898607412,0.01723673916445001,0.0524,0.0041,a,,False,False,returning_player,X2_TEAM_CONSTRAINED_SIM_M7,2026-10-09T18:35:51.573649Z,official_2026-27_37972806849_1_team_current,official_2026-27_37972806849_1_minutes_current,official_2026-27_37972806849_1_xpoints_current,official_2026-27_37972806849_1_decision_current
phase9_frontend_v1,2026-27,6,player_code_632794,Bamba,team_newcastle,MID,49,1,COV (A),COV,Coventry City,team_coventry_city,A,2026-10-12 19:00:00+00:00,1.6134554494432332,2.799023107102598,2.0616029467382897,0.0,1.0,4.0,31.97668075043204,0.5764352017491552,0.07248062015503877,0.0899,0.0053,a,,False,False,current_season_history_only,X2_TEAM_CONSTRAINED_SIM_M7,2026-10-09T18:35:51.573649Z,official_2026-27_37972806849_1_team_current,official_2026-27_37972806849_1_minutes_current,official_2026-27_37972806849_1_xpoints_current,official_2026-27_37972806849_1_decision_current
phase9_frontend_v1,2026-27,6,player_code_636846,Nicoll-Jazuli,team_chelsea,MID,45,1,BOU (H),BOU,Bournemouth,team_bournemouth,H,2026-10-10 14:00:00+00:00,2.12262816723034,2.783105374775438,2.1958903228531246,0.0,2.0,5.0,43.14934244540995,0.7626833631484793,0.1304651162790698,0.1228,0.0107,a,,False,False,current_season_history_only,X2_TEAM_CONSTRAINED_SIM_M7,2026-10-09T18:35:51.573649Z,official_2026-27_37972806849_1_team_current,official_2026-27_37972806849_1_minutes_current,official_2026-27_37972806849_1_xpoints_current,official_2026-27_37972806849_1_decision_current
phase9_frontend_v1,2026-27,6,player_code_636852,Steur,team_newcastle,MID,49,1,COV (A),COV,Coventry City,team_coventry_city,A,2026-10-12 19:00:00+00:00,2.4363008657778815,2.8062892725527218,2.0757837941365667,0.0,2.0,5.0,54.363871928595174,0.8681574239713774,0.36420284237726097,0.1282,0.009,a,,False,False,current_season_history_only,X2_TEAM_CONSTRAINED_SIM_M7,2026-10-09T18:35:51.573649Z,official_2026-27_37972806849_1_team_current,official_2026-27_37972806849_1_minutes_current,official_2026-27_37972806849_1_xpoints_current,official_2026-27_37972806849_1_decision_current
phase9_frontend_v1,2026-27,6,player_code_637238,Bouaddi,team_manchester_city,MID,55,1,LIV (A),LIV,Liverpool,team_liverpool,A,2026-10-11 15:30:00+00:00,1.2521132158434203,2.7047740573428665,1.9645262431436237,0.0,0.0,3.0,26.247642811761338,0.4629271019677996,0.08154069767441863,0.0727,0.0056,a,,False,False,current_season_history_only,X2_TEAM_CONSTRAINED_SIM_M7,2026-10-09T18:35:51.573649Z,official_2026-27_37972806849_1_team_current,official_2026-27_37972806849_1_minutes_current,official_2026-27_37972806849_1_xpoints_current,official_2026-27_37972806849_1_decision_current
phase9_frontend_v1,2026-27,6,player_code_638411,Methalie,team_sunderland,DEF,45,1,BHA (H),BHA,Brighton,team_brighton,H,2026-10-10 14:00:00+00:00,0.8339554432591106,2.582438816945608,1.8446785627853977,0.0,0.0,2.0,25.884603426095286,0.32293328220858897,0.297795245398773,0.0792,0.0037,a,,False,False,current_season_history_only,X2_TEAM_CONSTRAINED_SIM_M7,2026-10-09T18:35:51.573649Z,official_2026-27_37972806849_1_team_current,official_2026-27_37972806849_1_minutes_current,official_2026-27_37972806849_1_xpoints_current,official_2026-27_37972806849_1_decision_current
phase9_frontend_v1,2026-27,6,player_code_638987,Mbaye,team_aston_villa,MID,60,1,BRE (H),BRE,Brentford,team_brentford,H,2026-10-10 14:00:00+00:00,1.7504609794712598,2.9081449550677365,2.190337608680452,0.0,1.0,5.0,33.81606004955728,0.6019166879631995,0.09318936877076414,0.1103,0.0089,a,,False,False,current_season_history_only,X2_TEAM_CONSTRAINED_SIM_M7,2026-10-09T18:35:51.573649Z,official_2026-27_37972806849_1_team_current,official_2026-27_37972806849_1_minutes_current,official_2026-27_37972806849_1_xpoints_current,official_2026-27_37972806849_1_decision_current
phase9_frontend_v1,2026-27,6,player_code_640419,Byfield,team_tottenham_hotspur,DEF,40,1,MUN (A),MUN,Man Utd,team_manchester_united,A,2026-10-10 16:30:00+00:00,0.10922840985910559,1.9350144395663338,0.6646393307651903,0.0,0.0,0.0,3.693930455593086,0.05644836938973197,0.027077300613496932,0.0092,0.0001,a,,False,False,returning_player,X2_TEAM_CONSTRAINED_SIM_M7,2026-10-09T18:35:51.573649Z,official_2026-27_37972806849_1_team_current,official_2026-27_37972806849_1_minutes_current,official_2026-27_37972806849_1_xpoints_current,official_2026-27_37972806849_1_decision_current
phase9_frontend_v1,2026-27,6,player_code_643970,Lienou,team_leeds,DEF,40,1,ARS (A),ARS,Arsenal,team_arsenal,A,2026-10-10 11:30:00+00:00,0.1687388476010127,1.9688211996395901,0.7835345301899591,0.0,0.0,0.0,6.37759327294407,0.08570552147239263,0.06894683026584869,0.0112,0.0005,a,,False,False,returning_player,X2_TEAM_CONSTRAINED_SIM_M7,2026-10-09T18:35:51.573649Z,official_2026-27_37972806849_1_team_current,official_2026-27_37972806849_1_minutes_current,official_2026-27_37972806849_1_xpoints_current,official_2026-27_37972806849_1_decision_current
phase9_frontend_v1,2026-27,6,player_code_645618,Burrowes,team_aston_villa,MID,45,1,BRE (H),BRE,Brentford,team_brentford,H,2026-10-10 14:00:00+00:00,0.14993245124751892,3.0707610772314875,0.7598728775262347,0.0,0.0,0.0,3.01078522076131,0.04882582769438182,0.018564206268958543,0.0083,0.0005,a,,False,False,returning_player,X2_TEAM_CONSTRAINED_SIM_M7,2026-10-09T18:35:51.573649Z,official_2026-27_37972806849_1_team_current,official_2026-27_37972806849_1_minutes_current,official_2026-27_37972806849_1_xpoints_current,official_2026-27_37972806849_1_decision_current
phase9_frontend_v1,2026-27,6,player_code_647681,Leoni,team_liverpool,DEF,40,1,MCI (H),MCI,Man City,team_manchester_city,H,2026-10-11 15:30:00+00:00,0.03710362197507638,2.30489737904905,0.416839909317714,0.0,0.0,0.0,1.1328214266959715,0.01609773272872761,0.010595465457455322,0.0034,0.0,i,Knee injury - Unknown return date,False,False,returning_player,X2_TEAM_CONSTRAINED_SIM_M7,2026-10-09T18:35:51.573649Z,official_2026-27_37972806849_1_team_current,official_2026-27_37972806849_1_minutes_current,official_2026-27_37972806849_1_xpoints_current,official_2026-27_37972806849_1_decision_current
phase9_frontend_v1,2026-27,6,player_code_647839,Mouzakitis,team_hull_city,MID,50,1,EVE (H),EVE,Everton,team_everton,H,2026-10-11 13:00:00+00:00,0.4387311492019223,3.0304589352641162,1.31383727683454,0.0,0.0,2.0,9.855250769727375,0.14477383082034245,0.09318936877076414,0.0241,0.0016,a,,False,False,current_season_history_only,X2_TEAM_CONSTRAINED_SIM_M7,2026-10-09T18:35:51.573649Z,official_2026-27_37972806849_1_team_current,official_2026-27_37972806849_1_minutes_current,official_2026-27_37972806849_1_xpoints_current,official_2026-27_37972806849_1_decision_current
phase9_frontend_v1,2026-27,6,player_code_647850,Kostoulas,team_brighton,FWD,56,1,SUN (A),SUN,Sunderland,team_sunderland,A,2026-10-10 14:00:00+00:00,2.718517827513587,3.849821409763907,2.841924346283694,0.0,2.0,6.0,45.21774135025976,0.7061412824550481,0.3516514153879957,0.2445,0.0343,a,,False,False,returning_player,X2_TEAM_CONSTRAINED_SIM_M7,2026-10-09T18:35:51.573649Z,official_2026-27_37972806849_1_team_current,official_2026-27_37972806849_1_minutes_current,official_2026-27_37972806849_1_xpoints_current,official_2026-27_37972806849_1_decision_current
phase9_frontend_v1,2026-27,6,player_code_651426,Canvot,team_crystal_palace,DEF,48,1,NFO (H),NFO,Nott'm Forest,team_nottingham_forest,H,2026-10-11 13:00:00+00:00,2.0310454542781327,3.202230517870619,2.4646520545505,0.0,1.0,6.0,49.1769786918547,0.6342596021565347,0.5300945157092398,0.188,0.0035,a,,False,False,returning_player,X2_TEAM_CONSTRAINED_SIM_M7,2026-10-09T18:35:51.573649Z,official_2026-27_37972806849_1_team_current,official_2026-27_37972806849_1_minutes_current,official_2026-27_37972806849_1_xpoints_current,official_2026-27_37972806849_1_decision_current
phase9_frontend_v1,2026-27,6,player_code_653481,Alysson,team_aston_villa,MID,50,1,BRE (H),BRE,Brentford,team_brentford,H,2026-10-10 14:00:00+00:00,0.8525248614634471,2.9858715691757376,1.8240704783532897,0.0,0.0,3.0,15.25456682601332,0.28551960180215996,0.011890611541774336,0.0556,0.0064,d,Unspecified injury - 75% chance of playing,False,False,returning_player,X2_TEAM_CONSTRAINED_SIM_M7,2026-10-09T18:35:51.573649Z,official_2026-27_37972806849_1_team_current,official_2026-27_37972806849_1_minutes_current,official_2026-27_37972806849_1_xpoints_current,official_2026-27_37972806849_1_decision_current
phase9_frontend_v1,2026-27,6,player_code_655585,Mills,team_newcastle,MID,45,1,COV (A),COV,Coventry City,team_coventry_city,A,2026-10-12 19:00:00+00:00,0.6342992344259277,3.1295081380767305,1.6115141172201999,0.0,0.0,2.0,13.797351077618327,0.20268336314847946,0.1304651162790698,0.0401,0.0035,a,,False,False,current_season_history_only,X2_TEAM_CONSTRAINED_SIM_M7,2026-10-09T18:35:51.573649Z,official_2026-27_37972806849_1_team_current,official_2026-27_37972806849_1_minutes_current,official_2026-27_37972806849_1_xpoints_current,official_2026-27_37972806849_1_decision_current
phase9_frontend_v1,2026-27,6,player_code_661016,Ibrahim,team_brighton,MID,45,1,SUN (A),SUN,Sunderland,team_sunderland,A,2026-10-10 14:00:00+00:00,0.51085359982464,3.0245418778673288,1.4438157742593063,0.0,0.0,2.0,11.497792564681937,0.16890280262373292,0.10872093023255817,0.0315,0.0025,a,,False,False,current_season_history_only,X2_TEAM_CONSTRAINED_SIM_M7,2026-10-09T18:35:51.573649Z,official_2026-27_37972806849_1_team_current,official_2026-27_37972806849_1_minutes_current,official_2026-27_37972806849_1_xpoints_current,official_2026-27_37972806849_1_decision_current
phase9_frontend_v1,2026-27,6,player_code_661313,J.Angulo,team_sunderland,FWD,45,1,BHA (H),BHA,Brighton,team_brighton,H,2026-10-10 14:00:00+00:00,0.5189623512437795,3.6339874010131727,1.563904981128969,0.0,0.0,2.0,9.451294797477136,0.14280796656011807,0.08276370789279566,0.0444,0.0058,a,,False,False,current_season_history_only,X2_TEAM_CONSTRAINED_SIM_M7,2026-10-09T18:35:51.573649Z,official_2026-27_37972806849_1_team_current,official_2026-27_37972806849_1_minutes_current,official_2026-27_37972806849_1_xpoints_current,official_2026-27_37972806849_1_decision_current
phase9_frontend_v1,2026-27,6,player_code_661800,McCarthy,team_hull_city,DEF,40,1,EVE (H),EVE,Everton,team_everton,H,2026-10-11 13:00:00+00:00,0.38133321995485053,3.337006881852577,1.3369878982249614,0.0,0.0,1.0,8.50345769725876,0.1142740286298568,0.09192910702113159,0.0408,0.0013,a,,False,False,current_season_history_only,X2_TEAM_CONSTRAINED_SIM_M7,2026-10-09T18:35:51.573649Z,official_2026-27_37972806849_1_team_current,official_2026-27_37972806849_1_minutes_current,official_2026-27_37972806849_1_xpoints_current,official_2026-27_37972806849_1_decision_current
phase9_frontend_v1,2026-27,6,player_code_661888,Yirenkyi,team_coventry_city,MID,48,1,NEW (H),NEW,Newcastle,team_newcastle,H,2026-10-12 19:00:00+00:00,2.2990835713208995,2.6482334975651822,1.9967299041182311,0.0,2.0,5.0,57.273674910358544,0.8681574239713774,0.48381395348837225,0.1247,0.0077,a,,False,False,current_season_history_only,X2_TEAM_CONSTRAINED_SIM_M7,2026-10-09T18:35:51.573649Z,official_2026-27_37972806849_1_team_current,official_2026-27_37972806849_1_minutes_current,official_2026-27_37972806849_1_xpoints_current,official_2026-27_37972806849_1_decision_current
phase9_frontend_v1,2026-27,6,player_code_665243,Miley,team_newcastle,MID,45,1,COV (A),COV,Coventry City,team_coventry_city,A,2026-10-12 19:00:00+00:00,0.5285826953549397,3.1295081380767296,1.5092159023811007,0.0,0.0,2.0,11.497792564681937,0.16890280262373292,0.10872093023255817,0.0345,0.0034,a,,False,False,current_season_history_only,X2_TEAM_CONSTRAINED_SIM_M7,2026-10-09T18:35:51.573649Z,official_2026-27_37972806849_1_team_current,official_2026-27_37972806849_1_minutes_current,official_2026-27_37972806849_1_xpoints_current,official_2026-27_37972806849_1_decision_current
phase9_frontend_v1,2026-27,6,player_code_67089,Dubravka,team_tottenham_hotspur,GKP,40,1,MUN (A),MUN,Man Utd,team_manchester_united,A,2026-10-10 16:30:00+00:00,1.0844232689709237,2.7023516807253944,1.8345911560890071,0.0,0.0,3.0,31.30622947616482,0.4012887281494876,0.3106220614828209,0.0595,0.0013,a,,False,False,transferred_player,X2_TEAM_CONSTRAINED_SIM_M7,2026-10-09T18:35:51.573649Z,official_2026-27_37972806849_1_team_current,official_2026-27_37972806849_1_minutes_current,official_2026-27_37972806849_1_xpoints_current,official_2026-27_37972806849_1_decision_current
phase9_frontend_v1,2026-27,6,player_code_671875,Thompson,team_newcastle,MID,45,1,COV (A),COV,Coventry City,team_coventry_city,A,2026-10-12 19:00:00+00:00,0.6342992344259277,3.1295081380767305,1.6235735277467418,0.0,0.0,3.0,13.797351077618327,0.20268336314847946,0.1304651162790698,0.0425,0.0035,a,,False,False,current_season_history_only,X2_TEAM_CONSTRAINED_SIM_M7,2026-10-09T18:35:51.573649Z,official_2026-27_37972806849_1_team_current,official_2026-27_37972806849_1_minutes_current,official_2026-27_37972806849_1_xpoints_current,official_2026-27_37972806849_1_decision_current
phase9_frontend_v1,2026-27,6,player_code_672492,Drakes-Thomas,team_crystal_palace,MID,44,1,NFO (H),NFO,Nott'm Forest,team_nottingham_forest,H,2026-10-11 13:00:00+00:00,0.2326995140869984,2.7845037930273366,0.9629878036610848,0.0,0.0,0.0,4.892144308281563,0.08356947283379546,0.021042760690172545,0.0129,0.0003,a,,False,False,returning_player,X2_TEAM_CONSTRAINED_SIM_M7,2026-10-09T18:35:51.573649Z,official_2026-27_37972806849_1_team_current,official_2026-27_37972806849_1_minutes_current,official_2026-27_37972806849_1_xpoints_current,official_2026-27_37972806849_1_decision_current
phase9_frontend_v1,2026-27,6,player_code_684268,Shepherd,team_coventry_city,MID,44,1,NEW (H),NEW,Newcastle,team_newcastle,H,2026-10-12 19:00:00+00:00,0.3350675325669372,2.975683594605928,1.191652566816352,0.0,0.0,1.0,7.66519504312129,0.11260186841582209,0.07248062015503876,0.0212,0.0017,a,,False,False,current_season_history_only,X2_TEAM_CONSTRAINED_SIM_M7,2026-10-09T18:35:51.573649Z,official_2026-27_37972806849_1_team_current,official_2026-27_37972806849_1_minutes_current,official_2026-27_37972806849_1_xpoints_current,official_2026-27_37972806849_1_decision_current
phase9_frontend_v1,2026-27,6,player_code_690838,Madjo,team_aston_villa,FWD,54,1,BRE (H),BRE,Brentford,team_brentford,H,2026-10-10 14:00:00+00:00,0.23156832520568688,3.790604722328253,1.0714195770098658,0.0,0.0,0.0,3.8736011224558546,0.06109007458405047,0.028967297762478486,0.0199,0.0018,d,Unspecified injury - 75% chance of playing,False,False,current_season_history_only,X2_TEAM_CONSTRAINED_SIM_M7,2026-10-09T18:35:51.573649Z,official_2026-27_37972806849_1_team_current,official_2026-27_37972806849_1_minutes_current,official_2026-27_37972806849_1_xpoints_current,official_2026-27_37972806849_1_decision_current
phase9_frontend_v1,2026-27,6,player_code_696104,Ahoka,team_sunderland,MID,45,1,BHA (H),BHA,Brighton,team_brighton,H,2026-10-10 14:00:00+00:00,0.38560532448082113,3.044001784780638,1.242411590415994,0.0,0.0,2.0,8.623344423511455,0.1266771019677997,0.08154069767441863,0.0233,0.002,a,,False,False,current_season_history_only,X2_TEAM_CONSTRAINED_SIM_M7,2026-10-09T18:35:51.573649Z,official_2026-27_37972806849_1_team_current,official_2026-27_37972806849_1_minutes_current,official_2026-27_37972806849_1_xpoints_current,official_2026-27_37972806849_1_decision_current
phase9_frontend_v1,2026-27,6,player_code_699989,Jocelin.T,team_sunderland,MID,50,1,BHA (H),BHA,Brighton,team_brighton,H,2026-10-10 14:00:00+00:00,0.2124291977277256,3.024590277729174,0.9837247125085351,0.0,0.0,0.0,4.851234430119019,0.07023404105074849,0.048093023255813966,0.0124,0.0014,a,,False,False,returning_player,X2_TEAM_CONSTRAINED_SIM_M7,2026-10-09T18:35:51.573649Z,official_2026-27_37972806849_1_team_current,official_2026-27_37972806849_1_minutes_current,official_2026-27_37972806849_1_xpoints_current,official_2026-27_37972806849_1_decision_current
phase9_frontend_v1,2026-27,6,player_code_700308,Yohanna,team_brighton,MID,48,1,SUN (A),SUN,Sunderland,team_sunderland,A,2026-10-10 14:00:00+00:00,0.3571673964774085,2.7965502516074534,1.211671238414117,0.0,0.0,1.0,7.487663255882719,0.12771713873981316,0.03261627906976745,0.0217,0.0015,i,Unspecified injury - Expected back 10 Oct,False,False,current_season_history_only,X2_TEAM_CONSTRAINED_SIM_M7,2026-10-09T18:35:51.573649Z,official_2026-27_37972806849_1_team_current,official_2026-27_37972806849_1_minutes_current,official_2026-27_37972806849_1_xpoints_current,official_2026-27_37972806849_1_decision_current
phase9_frontend_v1,2026-27,6,player_code_72147,M.Bizot,team_aston_villa,GKP,45,1,BRE (H),BRE,Brentford,team_brentford,H,2026-10-10 14:00:00+00:00,0.2803615343470075,2.9180517659425904,1.1120707891137145,0.0,0.0,0.0,7.38311987250966,0.09607832788272863,0.0717159239736832,0.0227,0.0004,i,Back injury - Expected back 10 Oct,False,False,returning_player,X2_TEAM_CONSTRAINED_SIM_M7,2026-10-09T18:35:51.573649Z,official_2026-27_37972806849_1_team_current,official_2026-27_37972806849_1_minutes_current,official_2026-27_37972806849_1_xpoints_current,official_2026-27_37972806849_1_decision_current
phase9_frontend_v1,2026-27,6,player_code_75115,Wilson,team_brentford,FWD,54,1,AVL (A),AVL,Aston Villa,team_aston_villa,A,2026-10-10 14:00:00+00:00,2.320648513939624,3.772872145944856,2.779968487231465,0.0,2.0,6.0,35.33272738853334,0.615088034836774,0.15228830138655775,0.2157,0.0295,a,,False,False,transferred_player,X2_TEAM_CONSTRAINED_SIM_M7,2026-10-09T18:35:51.573649Z,official_2026-27_37972806849_1_team_current,official_2026-27_37972806849_1_minutes_current,official_2026-27_37972806849_1_xpoints_current,official_2026-27_37972806849_1_decision_current
phase9_frontend_v1,2026-27,6,player_code_76357,Cairney,team_fulham,MID,49,1,IPS (A),IPS,Ipswich Town,team_ipswich,A,2026-10-10 14:00:00+00:00,1.0265988253879532,2.821814437203866,1.899266803269093,0.0,0.0,3.0,20.54653981389103,0.36380805621124024,0.060747074967499634,0.0633,0.0062,i,Knee injury - Expected back 17 Oct,False,False,returning_player,X2_TEAM_CONSTRAINED_SIM_M7,2026-10-09T18:35:51.573649Z,official_2026-27_37972806849_1_team_current,official_2026-27_37972806849_1_minutes_current,official_2026-27_37972806849_1_xpoints_current,official_2026-27_37972806849_1_decision_current
phase9_frontend_v1,2026-27,6,player_code_78916,Burn,team_newcastle,DEF,48,1,COV (A),COV,Coventry City,team_coventry_city,A,2026-10-12 19:00:00+00:00,1.251988788404559,2.9189555381547527,2.204165091366797,0.0,0.0,6.0,30.098007212975226,0.428916703950899,0.23646826963380707,0.1341,0.005,i,Ankle injury - Expected back 12 Oct,False,False,returning_player,X2_TEAM_CONSTRAINED_SIM_M7,2026-10-09T18:35:51.573649Z,official_2026-27_37972806849_1_team_current,official_2026-27_37972806849_1_minutes_current,official_2026-27_37972806849_1_xpoints_current,official_2026-27_37972806849_1_decision_current
phase9_frontend_v1,2026-27,6,player_code_79602,Bentley,team_coventry_city,GKP,40,1,NEW (H),NEW,Newcastle,team_newcastle,H,2026-10-12 19:00:00+00:00,0.22085990803932376,2.659185731408466,0.9269207301598126,0.0,0.0,0.0,6.158719784152642,0.08305546522406426,0.056710927408938266,0.0137,0.0,a,,False,False,transferred_player,X2_TEAM_CONSTRAINED_SIM_M7,2026-10-09T18:35:51.573649Z,official_2026-27_37972806849_1_team_current,official_2026-27_37972806849_1_minutes_current,official_2026-27_37972806849_1_xpoints_current,official_2026-27_37972806849_1_decision_current
phase9_frontend_v1,2026-27,6,player_code_80178,Bidwell,team_coventry_city,DEF,40,1,NEW (H),NEW,Newcastle,team_newcastle,H,2026-10-12 19:00:00+00:00,0.26719212901793166,2.3381702056150435,1.1163019260038927,0.0,0.0,1.0,8.50345769725876,0.1142740286298568,0.09192910702113159,0.0248,0.001,a,,False,False,current_season_history_only,X2_TEAM_CONSTRAINED_SIM_M7,2026-10-09T18:35:51.573649Z,official_2026-27_37972806849_1_team_current,official_2026-27_37972806849_1_minutes_current,official_2026-27_37972806849_1_xpoints_current,official_2026-27_37972806849_1_decision_current
phase9_frontend_v1,2026-27,6,player_code_80201,Leno,team_fulham,GKP,45,1,IPS (A),IPS,Ipswich Town,team_ipswich,A,2026-10-10 14:00:00+00:00,3.5408026513535686,3.621337374449614,2.443726152824821,1.0,3.0,7.0,83.35817299468269,0.9777610548897601,0.924096458616468,0.2959,0.0072,a,,False,False,returning_player,X2_TEAM_CONSTRAINED_SIM_M7,2026-10-09T18:35:51.573649Z,official_2026-27_37972806849_1_team_current,official_2026-27_37972806849_1_minutes_current,official_2026-27_37972806849_1_xpoints_current,official_2026-27_37972806849_1_decision_current
phase9_frontend_v1,2026-27,6,player_code_81441,Gillespie,team_newcastle,GKP,45,1,COV (A),COV,Coventry City,team_coventry_city,A,2026-10-12 19:00:00+00:00,0.031812393267671116,3.6994664490999574,0.4478964054332207,0.0,0.0,0.0,0.7101393066936743,0.008599184154085449,0.008599184154085539,0.0036,0.0,a,,False,False,returning_player,X2_TEAM_CONSTRAINED_SIM_M7,2026-10-09T18:35:51.573649Z,official_2026-27_37972806849_1_team_current,official_2026-27_37972806849_1_minutes_current,official_2026-27_37972806849_1_xpoints_current,official_2026-27_37972806849_1_decision_current
phase9_frontend_v1,2026-27,6,player_code_83299,Dunk,team_brighton,DEF,45,1,SUN (A),SUN,Sunderland,team_sunderland,A,2026-10-10 14:00:00+00:00,2.3336408006917093,2.89844911238186,2.5256125989549547,0.0,2.0,6.0,65.75027608614914,0.8051343012104815,0.7274742775851337,0.2423,0.0089,a,,False,False,returning_player,X2_TEAM_CONSTRAINED_SIM_M7,2026-10-09T18:35:51.573649Z,official_2026-27_37972806849_1_team_current,official_2026-27_37972806849_1_minutes_current,official_2026-27_37972806849_1_xpoints_current,official_2026-27_37972806849_1_decision_current
phase9_frontend_v1,2026-27,6,player_code_84450,Xhaka,team_sunderland,MID,55,1,BHA (H),BHA,Brighton,team_brighton,H,2026-10-10 14:00:00+00:00,2.4233969431017557,3.2941633753175514,2.4152930753844344,0.0,2.0,6.0,57.271602390341904,0.7356638596797418,0.6381622234827,0.1612,0.0175,a,,False,False,returning_player,X2_TEAM_CONSTRAINED_SIM_M7,2026-10-09T18:35:51.573649Z,official_2026-27_37972806849_1_team_current,official_2026-27_37972806849_1_minutes_current,official_2026-27_37972806849_1_xpoints_current,official_2026-27_37972806849_1_decision_current
phase9_frontend_v1,2026-27,6,player_code_85633,Sels,team_nottingham_forest,GKP,50,1,CRY (A),CRY,Crystal Palace,team_crystal_palace,A,2026-10-11 13:00:00+00:00,3.233328562910398,3.4807911041597017,2.424581976341489,1.0,2.0,7.0,81.04925580423375,0.9289062360123896,0.9217775231411025,0.2713,0.0041,a,,False,False,returning_player,X2_TEAM_CONSTRAINED_SIM_M7,2026-10-09T18:35:51.573649Z,official_2026-27_37972806849_1_team_current,official_2026-27_37972806849_1_minutes_current,official_2026-27_37972806849_1_xpoints_current,official_2026-27_37972806849_1_decision_current
phase9_frontend_v1,2026-27,6,player_code_86873,Lecomte,team_fulham,GKP,40,1,IPS (A),IPS,Ipswich Town,team_ipswich,A,2026-10-10 14:00:00+00:00,0.054061706766608146,3.4358319164977424,0.5203169707015138,0.0,0.0,0.0,1.2994038377799146,0.01573467738832668,0.015734677388326727,0.0046,0.0001,a,,False,False,returning_player,X2_TEAM_CONSTRAINED_SIM_M7,2026-10-09T18:35:51.573649Z,official_2026-27_37972806849_1_team_current,official_2026-27_37972806849_1_minutes_current,official_2026-27_37972806849_1_xpoints_current,official_2026-27_37972806849_1_decision_current
phase9_frontend_v1,2026-27,6,player_code_88894,Barkley,team_aston_villa,MID,50,1,BRE (H),BRE,Brentford,team_brentford,H,2026-10-10 14:00:00+00:00,2.2155191553631233,3.4777246554014654,2.5992773688084925,0.0,2.0,6.0,43.43834977017754,0.6370599673329704,0.41300757860272524,0.1577,0.0216,a,,False,False,returning_player,X2_TEAM_CONSTRAINED_SIM_M7,2026-10-09T18:35:51.573649Z,official_2026-27_37972806849_1_team_current,official_2026-27_37972806849_1_minutes_current,official_2026-27_37972806849_1_xpoints_current,official_2026-27_37972806849_1_decision_current
phase9_frontend_v1,2026-27,6,player_code_91651,Kovačić,team_manchester_city,MID,53,1,LIV (A),LIV,Liverpool,team_liverpool,A,2026-10-11 15:30:00+00:00,1.321352925927103,2.5890764384250273,1.8563341940501985,0.0,0.0,3.0,32.86259907416391,0.5103568617429083,0.25126679185324285,0.0677,0.0029,a,,False,False,returning_player,X2_TEAM_CONSTRAINED_SIM_M7,2026-10-09T18:35:51.573649Z,official_2026-27_37972806849_1_team_current,official_2026-27_37972806849_1_minutes_current,official_2026-27_37972806849_1_xpoints_current,official_2026-27_37972806849_1_decision_current
phase9_frontend_v1,2026-27,6,player_code_93605,Meunier,team_sunderland,DEF,45,1,BHA (H),BHA,Brighton,team_brighton,H,2026-10-10 14:00:00+00:00,2.4158913261976562,2.777430625632395,2.5184359908482885,0.0,2.0,6.0,71.0968216747957,0.8698295841854125,0.8474846625766873,0.2289,0.0102,a,,False,False,current_season_history_only,X2_TEAM_CONSTRAINED_SIM_M7,2026-10-09T18:35:51.573649Z,official_2026-27_37972806849_1_team_current,official_2026-27_37972806849_1_minutes_current,official_2026-27_37972806849_1_xpoints_current,official_2026-27_37972806849_1_decision_current
phase9_frontend_v1,2026-27,6,player_code_95658,Maguire,team_manchester_united,DEF,48,1,TOT (H),TOT,Spurs,team_tottenham_hotspur,H,2026-10-10 16:30:00+00:00,2.2499008593650514,3.19468807081651,2.7574702609457096,0.0,1.0,6.0,54.40088058467681,0.7042630796783904,0.5818825591586327,0.2352,0.0171,a,,False,False,returning_player,X2_TEAM_CONSTRAINED_SIM_M7,2026-10-09T18:35:51.573649Z,official_2026-27_37972806849_1_team_current,official_2026-27_37972806849_1_minutes_current,official_2026-27_37972806849_1_xpoints_current,official_2026-27_37972806849_1_decision_current
phase9_frontend_v1,2026-27,6,player_code_97032,Virgil,team_liverpool,DEF,65,1,MCI (H),MCI,Man City,team_manchester_city,H,2026-10-11 15:30:00+00:00,2.6578377933711095,2.7970591391380357,2.632454700464948,0.0,2.0,7.0,78.63918961067033,0.950225812597645,0.8904539877300613,0.2386,0.0157,a,,False,False,returning_player,X2_TEAM_CONSTRAINED_SIM_M7,2026-10-09T18:35:51.573649Z,official_2026-27_37972806849_1_team_current,official_2026-27_37972806849_1_minutes_current,official_2026-27_37972806849_1_xpoints_current,official_2026-27_37972806849_1_decision_current
phase9_frontend_v1,2026-27,6,player_code_97846,Cairns,team_leeds,GKP,40,1,ARS (A),ARS,Arsenal,team_arsenal,A,2026-10-10 11:30:00+00:00,0.042866958055052175,2.6663969067987603,0.4733877902945956,0.0,0.0,0.0,1.3276517472968696,0.016076735592420732,0.016076735592420788,0.0033,0.0,a,,False,False,returning_player,X2_TEAM_CONSTRAINED_SIM_M7,2026-10-09T18:35:51.573649Z,official_2026-27_37972806849_1_team_current,official_2026-27_37972806849_1_minutes_current,official_2026-27_37972806849_1_xpoints_current,official_2026-27_37972806849_1_decision_current
phase9_frontend_v1,2026-27,6,player_code_98747,Pope,team_newcastle,GKP,49,1,COV (A),COV,Coventry City,team_coventry_city,A,2026-10-12 19:00:00+00:00,2.060691445610969,3.3940910452848874,2.4747274577213547,0.0,1.0,6.0,45.271777479509666,0.6071408863571018,0.4204939741444183,0.1766,0.0051,a,,False,False,returning_player,X2_TEAM_CONSTRAINED_SIM_M7,2026-10-09T18:35:51.573649Z,official_2026-27_37972806849_1_team_current,official_2026-27_37972806849_1_minutes_current,official_2026-27_37972806849_1_xpoints_current,official_2026-27_37972806849_1_decision_current
phase9_frontend_v1,2026-27,6,player_code_98980,Martinez,team_chelsea,GKP,50,1,BOU (H),BOU,Bournemouth,team_bournemouth,H,2026-10-10 14:00:00+00:00,3.012270553780685,3.3933565066548783,2.507705875895337,0.0,2.0,7.0,75.0920077881055,0.8876964586164681,0.8250877629642942,0.2419,0.0069,a,,False,False,transferred_player,X2_TEAM_CONSTRAINED_SIM_M7,2026-10-09T18:35:51.573649Z,official_2026-27_37972806849_1_team_current,official_2026-27_37972806849_1_minutes_current,official_2026-27_37972806849_1_xpoints_current,official_2026-27_37972806849_1_decision_current
